{"loss_mean": 1.18075293302536, "train_accs_mean": 0.8158333333333333, "val_accs_mean": 0.688804347826087, "test_accs_mean": 0.6943548387096775, "fw_nfe_mean": 151579.9, "loss_std": 0.07635710308458402, "train_accs_std": 0.04064582799419065, "val_accs_std": 0.02248301536351761, "test_accs_std": 0.019107968602127646, "fw_nfe_std": 4258.657087627506, "_timestamp": 1649361333, "_runtime": 3693, "_step": 98, "_wandb": {"runtime": 3694}}