{"run_time": 20.994446516036987, "loss": 1.455793023109436, "train_acc": 0.7285714285714285, "val_acc": 0.6588235294117647, "test_acc": 0.6588832487309645, "_runtime": 1993, "_timestamp": 1644914101, "_step": 98}