{"run_time": 0.4888796806335449, "loss": 0.06926647573709488, "train_acc": 1.0, "val_acc": 0.5161764705882353, "test_acc": 0.515736040609137, "_runtime": 52, "_timestamp": 1643267001, "_step": 98}