{"loss_mean": 0.18474642932415009, "train_accs_mean": 0.9478571428571427, "val_accs_mean": 0.7725735294117648, "test_accs_mean": 0.7930964467005076, "fw_nfe_mean": 55126.6, "loss_std": 0.040104452398956186, "train_accs_std": 0.010618620533798938, "val_accs_std": 0.02581091829943692, "test_accs_std": 0.026867325478849898, "fw_nfe_std": 3813.6685802518286, "_timestamp": 1649348001, "_runtime": 1536, "_step": 98, "_wandb": {"runtime": 1537}}