{"run_time": 4.412605047225952, "loss": 0.46554723381996155, "train_acc": 0.8857142857142857, "val_acc": 0.8073529411764706, "test_acc": 0.8162436548223351, "_runtime": 460, "_timestamp": 1644909942, "_step": 98}