{"run_time": 5.013805866241455, "loss": 1923.8817138671875, "train_acc": 0.22142857142857142, "val_acc": 0.3448529411764706, "test_acc": 0.35634517766497464, "_runtime": 14, "_timestamp": 1642175831, "_step": 1}