{"run_time": 1.2042477130889893, "loss": 0.05437152460217476, "train_acc": 0.9857142857142858, "val_acc": 0.8352941176470589, "test_acc": 0.8406091370558376, "_runtime": 125, "_timestamp": 1644893827, "_step": 98}