{"run_time": 116.71200895309448, "loss": 1.947444200515747, "train_acc": 0.17857142857142858, "val_acc": 0.1801470588235294, "test_acc": 0.18071065989847715, "forward_nfe": 872, "_runtime": 123, "_timestamp": 1650469141, "_step": 0}