{"run_time": 17.24162745475769, "loss": 0.5683345794677734, "train_acc": 0.85, "val_acc": 0.8080882352941177, "test_acc": 0.7898477157360406, "_runtime": 1027, "_timestamp": 1644902721, "_step": 98}