{"run_time": 17.394009113311768, "loss": 1.0788978338241577, "train_acc": 0.8357142857142857, "val_acc": 0.7139705882352941, "test_acc": 0.7197969543147208, "forward_nfe": 640, "_runtime": 58, "_timestamp": 1650469368, "_step": 2}