{"run_time": 11.858241081237793, "loss": 0.7679324150085449, "train_acc": 0.7642857142857142, "val_acc": 0.8022058823529412, "test_acc": 0.7949238578680203, "_runtime": 1090, "_timestamp": 1644930103, "_step": 98}