{"run_time": 3.404048442840576, "loss": 0.8170187473297119, "train_acc": 0.7857142857142857, "val_acc": 0.5977941176470588, "test_acc": 0.6142131979695431, "_runtime": 12, "_timestamp": 1642177077, "_step": 3}