{"run_time": 0.5327706336975098, "loss": 0.07488656789064407, "train_acc": 1.0, "val_acc": 0.5992647058823529, "test_acc": 0.5624365482233502, "forward_nfe": 5800, "_runtime": 58, "_timestamp": 1644983313, "_step": 98}