{"run_time": 8.865110397338867, "loss": 0.36749404668807983, "train_acc": 0.8928571428571429, "val_acc": 0.8448529411764706, "test_acc": 0.8406091370558376, "_runtime": 791, "_timestamp": 1644644657, "_step": 98}