{"run_time": 7.4559667110443115, "loss": 1.0903898477554321, "train_acc": 0.7714285714285715, "val_acc": 0.763235294117647, "test_acc": 0.751269035532995, "forward_nfe": 14290, "_runtime": 116, "_timestamp": 1647352046, "_step": 14}