{"run_time": 0.9151701927185059, "loss": 0.11147011071443558, "train_acc": 1.0, "val_acc": 0.825, "test_acc": 0.8345177664974619, "forward_nfe": 11056, "_runtime": 97, "_timestamp": 1644985833, "_step": 98}