{"run_time": 0.38932156562805176, "loss": 0.10243332386016846, "train_acc": 1.0, "val_acc": 0.5522058823529412, "test_acc": 0.5807106598984771, "_runtime": 41, "_timestamp": 1643268422, "_step": 98}