{"run_time": 5.558358669281006, "loss": 0.5805294513702393, "train_acc": 0.8785714285714286, "val_acc": 0.8264705882352941, "test_acc": 0.8091370558375635, "forward_nfe": 78580, "_runtime": 549, "_timestamp": 1644941191, "_step": 98}