{"run_time": 1.2011277675628662, "loss": 0.0618838369846344, "train_acc": 0.9642857142857143, "val_acc": 0.8205882352941176, "test_acc": 0.8538071065989847, "_runtime": 125, "_timestamp": 1644904123, "_step": 98}