{"run_time": 7.529483795166016, "loss": 1.3233776092529297, "train_acc": 0.8071428571428572, "val_acc": 0.8, "test_acc": 0.8040609137055837, "forward_nfe": 98134, "_runtime": 749, "_timestamp": 1644995202, "_step": 98}