{"run_time": 3.110398530960083, "loss": 1.800173282623291, "train_acc": 0.9714285714285714, "val_acc": 0.5669117647058823, "test_acc": 0.5796954314720812, "_runtime": 9, "_timestamp": 1642177123, "_step": 1}