{"run_time": 8.893317222595215, "loss": 1.849800705909729, "train_acc": 0.6428571428571429, "val_acc": 0.44926470588235295, "test_acc": 0.4761421319796954, "forward_nfe": 486, "_runtime": 23, "_timestamp": 1650442660, "_step": 1}