{"run_time": 0.411085844039917, "loss": 0.19506028294563293, "train_acc": 1.0, "val_acc": 0.5602941176470588, "test_acc": 0.5137055837563452, "_runtime": 45, "_timestamp": 1643266413, "_step": 98}