{"run_time": 9.034491300582886, "loss": 1.7695266008377075, "train_acc": 0.6357142857142857, "val_acc": 0.6477941176470589, "test_acc": 0.6690355329949239, "forward_nfe": 6854, "_runtime": 105, "_timestamp": 1650419470, "_step": 9}