{"run_time": 1.2710206508636475, "loss": 0.09521888196468353, "train_acc": 0.9785714285714285, "val_acc": 0.8419117647058824, "test_acc": 0.8294416243654822, "_runtime": 124, "_timestamp": 1644893157, "_step": 98}