{"loss_mean": 1.497288990020752, "train_accs_mean": 0.992, "val_accs_mean": 0.915787234042553, "test_accs_mean": 0.9171379284482113, "fw_nfe_mean": 3478.8, "loss_std": 0.023508733819213163, "train_accs_std": 0.003711842908553352, "val_accs_std": 0.004117777158605263, "test_accs_std": 0.0030522722376072208, "fw_nfe_std": 107.7263199037264, "_timestamp": 1649840656, "_runtime": 1709, "_step": 61}