{"loss_mean": 1.3727455139160156, "train_accs_mean": 0.9956666666666667, "val_accs_mean": 0.9191489361702126, "test_accs_mean": 0.9208355208880222, "fw_nfe_mean": 5815.0, "loss_std": 0.03214107861916833, "train_accs_std": 0.0021343747458109695, "val_accs_std": 0.002870369694304711, "test_accs_std": 0.0021388688564612968, "fw_nfe_std": 156.190268582905, "_timestamp": 1649841749, "_runtime": 2802, "_step": 98, "_wandb": {"runtime": 2802}}