{"run_time": 1.2125744819641113, "loss": 0.09271156787872314, "train_acc": 0.9785714285714285, "val_acc": 0.8558823529411764, "test_acc": 0.849746192893401, "_runtime": 124, "_timestamp": 1644900371, "_step": 98}