{"run_time": 18.3324031829834, "loss": 0.9777224063873291, "train_acc": 0.7428571428571429, "val_acc": 0.7698529411764706, "test_acc": 0.7441624365482233, "_runtime": 2055, "_timestamp": 1644431959, "_step": 98}