{"run_time": 1.4618659019470215, "loss": 0.09983263164758682, "train_acc": 0.9857142857142858, "val_acc": 0.6220588235294118, "test_acc": 0.6253807106598985, "_runtime": 146, "_timestamp": 1644638084, "_step": 98}