{"run_time": 7.456925630569458, "loss": 1.0870100259780884, "train_acc": 0.7785714285714286, "val_acc": 0.7669117647058824, "test_acc": 0.7756345177664975, "_runtime": 758, "_timestamp": 1644913273, "_step": 98}