{"run_time": 2.4599709510803223, "loss": 0.05745958536863327, "train_acc": 0.9571428571428572, "val_acc": 0.8441176470588235, "test_acc": 0.8385786802030457, "_runtime": 282, "_timestamp": 1644642162, "_step": 98}