{"run_time": 1.0911943912506104, "loss": 0.06179128959774971, "train_acc": 0.9928571428571429, "val_acc": 0.8441176470588235, "test_acc": 0.8426395939086294, "forward_nfe": 13948, "_runtime": 117, "_timestamp": 1644981740, "_step": 98}