{"run_time": 125.84268617630005, "loss": 1.4656940698623657, "train_acc": 0.8357142857142857, "val_acc": 0.6147058823529412, "test_acc": 0.6345177664974619, "_runtime": 211, "_timestamp": 1644896148, "_step": 3}