{"loss_mean": 0.12682422772049903, "train_accs_mean": 1.0, "val_accs_mean": 0.8705223880597016, "test_accs_mean": 0.8864372807750126, "fw_nfe_mean": 1440.0, "loss_std": 0.012360650299271816, "train_accs_std": 0.0, "val_accs_std": 0.00664346784133018, "test_accs_std": 0.00436928967551075, "fw_nfe_std": 0.0, "_timestamp": 1650569133, "_runtime": 1570, "_step": 22}