{"run_time": 0.9739835262298584, "loss": 0.06487776339054108, "train_acc": 0.9857142857142858, "val_acc": 0.700735294117647, "test_acc": 0.7065989847715736, "_runtime": 128, "_timestamp": 1644485349, "_step": 98}