{"run_time": 1.6411004066467285, "loss": 0.10283578187227249, "train_acc": 0.9714285714285714, "val_acc": 0.8455882352941176, "test_acc": 0.8223350253807107, "forward_nfe": 20542, "_runtime": 157, "_timestamp": 1644939982, "_step": 98}