{"run_time": 51.93590235710144, "loss": 1.4700241088867188, "train_acc": 0.8, "val_acc": 0.4801470588235294, "test_acc": 0.4984771573604061, "_runtime": 105, "_timestamp": 1644931371, "_step": 2}