{"run_time": 0.8446390628814697, "loss": 0.10200485587120056, "train_acc": 1.0, "val_acc": 0.6095588235294118, "test_acc": 0.601015228426396, "_runtime": 228, "_timestamp": 1644309077, "_step": 98}