{"run_time": 1.264758825302124, "loss": 0.15976718068122864, "train_acc": 0.9714285714285714, "val_acc": 0.850735294117647, "test_acc": 0.8243654822335026, "_runtime": 125, "_timestamp": 1644901716, "_step": 98}