{"run_time": 4.3992369174957275, "loss": 1.943930983543396, "train_acc": 0.5642857142857143, "val_acc": 0.45294117647058824, "test_acc": 0.4304568527918782, "forward_nfe": 110, "_runtime": 10, "_timestamp": 1644934247, "_step": 0}