{"run_time": 1.2029330730438232, "loss": 0.10663416981697083, "train_acc": 0.9714285714285714, "val_acc": 0.850735294117647, "test_acc": 0.8385786802030457, "_runtime": 125, "_timestamp": 1644895441, "_step": 98}