{"loss_mean": 0.09659050367772579, "train_accs_mean": 0.9942857142857143, "val_accs_mean": 0.7827941176470589, "test_accs_mean": 0.7971065989847717, "fw_nfe_mean": 11512.0, "loss_std": 0.0227427814898928, "train_accs_std": 0.005802884574739952, "val_accs_std": 0.019577887657280774, "test_accs_std": 0.023712213336173692, "fw_nfe_std": 199.59358707132853, "_timestamp": 1649384203, "_runtime": 286, "_step": 98, "_wandb": {"runtime": 287}}