{"run_time": 1.7189033031463623, "loss": 0.23432707786560059, "train_acc": 0.8928571428571429, "val_acc": 0.8463235294117647, "test_acc": 0.848730964467005, "forward_nfe": 20980, "_runtime": 164, "_timestamp": 1644983788, "_step": 98}