{"run_time": 0.31091904640197754, "loss": 1.9459376335144043, "train_acc": 0.14285714285714285, "val_acc": 0.1338235294117647, "test_acc": 0.14416243654822336, "forward_nfe": 320, "_runtime": 8, "_timestamp": 1648370119, "_step": 9}