{"run_time": 9.269022941589355, "loss": 0.7917981743812561, "train_acc": 0.7785714285714286, "val_acc": 0.8132352941176471, "test_acc": 0.7857868020304568, "_runtime": 1016, "_timestamp": 1644929002, "_step": 98}