{"run_time": 1.2133331298828125, "loss": 0.05878739431500435, "train_acc": 0.9928571428571429, "val_acc": 0.8227941176470588, "test_acc": 0.8477157360406091, "_runtime": 124, "_timestamp": 1644900237, "_step": 98}