{"run_time": 0.5580189228057861, "loss": 0.08878317475318909, "train_acc": 0.9928571428571429, "val_acc": 0.5742647058823529, "test_acc": 0.5522842639593909, "_runtime": 58, "_timestamp": 1643267069, "_step": 98}