{"run_time": 1.2335550785064697, "loss": 0.11386288702487946, "train_acc": 0.9571428571428572, "val_acc": 0.8463235294117647, "test_acc": 0.8538071065989847, "_runtime": 126, "_timestamp": 1644894366, "_step": 98}