{"run_time": 4.406153440475464, "loss": 1.9485505819320679, "train_acc": 0.6642857142857143, "val_acc": 0.35661764705882354, "test_acc": 0.3583756345177665, "forward_nfe": 110, "_runtime": 10, "_timestamp": 1644934274, "_step": 0}