{"run_time": 4.428314208984375, "loss": 0.4897390604019165, "train_acc": 0.8642857142857143, "val_acc": 0.8426470588235294, "test_acc": 0.8233502538071066, "forward_nfe": 64264, "_runtime": 443, "_timestamp": 1644946088, "_step": 98}