{"run_time": 2.75492000579834, "loss": 0.36060163378715515, "train_acc": 0.9, "val_acc": 0.8492647058823529, "test_acc": 0.8395939086294416, "forward_nfe": 39922, "_runtime": 287, "_timestamp": 1644942664, "_step": 98}