{"run_time": 0.41115736961364746, "loss": 0.07594268769025803, "train_acc": 1.0, "val_acc": 0.7683823529411765, "test_acc": 0.7644670050761422, "forward_nfe": 692, "_runtime": 11, "_timestamp": 1648369529, "_step": 15}