{"run_time": 2.3545730113983154, "loss": 0.37462568283081055, "train_acc": 0.8785714285714286, "val_acc": 0.8477941176470588, "test_acc": 0.8538071065989847, "forward_nfe": 14642, "_runtime": 111, "_timestamp": 1647088456, "_step": 42}