{"run_time": 0.43206119537353516, "loss": 0.07823506742715836, "train_acc": 0.9928571428571429, "val_acc": 0.5507352941176471, "test_acc": 0.5766497461928934, "_runtime": 42, "_timestamp": 1644375296, "_step": 98}