{"run_time": 2.2731308937072754, "loss": 0.08972141146659851, "train_acc": 0.9928571428571429, "val_acc": 0.8286764705882353, "test_acc": 0.8406091370558376, "_runtime": 235, "_timestamp": 1644474622, "_step": 98}