{"run_time": 1.2385079860687256, "loss": 0.11480814963579178, "train_acc": 0.9142857142857143, "val_acc": 0.8676470588235294, "test_acc": 0.8558375634517766, "_runtime": 125, "_timestamp": 1644895575, "_step": 98}