{"run_time": 6.889842510223389, "loss": 0.8840274810791016, "train_acc": 0.8071428571428572, "val_acc": 0.7926470588235294, "test_acc": 0.8020304568527918, "forward_nfe": 93754, "_runtime": 701, "_timestamp": 1644948644, "_step": 98}