{"run_time": 3.6849706172943115, "loss": 0.06320828944444656, "train_acc": 0.9642857142857143, "val_acc": 0.8514705882352941, "test_acc": 0.8446700507614213, "_runtime": 395, "_timestamp": 1644469730, "_step": 98}