{"run_time": 2.529954433441162, "loss": 0.23367685079574585, "train_acc": 0.9785714285714285, "val_acc": 0.8411764705882353, "test_acc": 0.8345177664974619, "forward_nfe": 34546, "_runtime": 251, "_timestamp": 1644940243, "_step": 98}