{"run_time": 9.408863544464111, "loss": 1.8730952739715576, "train_acc": 0.4714285714285714, "val_acc": 0.26323529411764707, "test_acc": 0.28223350253807106, "_runtime": 50, "_timestamp": 1644935419, "_step": 4}