{"run_time": 3.8647801876068115, "loss": 0.5323017835617065, "train_acc": 0.8571428571428571, "val_acc": 0.8558823529411764, "test_acc": 0.8294416243654822, "forward_nfe": 57250, "_runtime": 403, "_timestamp": 1644986889, "_step": 98}