{"run_time": 1.1904118061065674, "loss": 0.16479746997356415, "train_acc": 0.9428571428571428, "val_acc": 0.8389705882352941, "test_acc": 0.833502538071066, "_runtime": 125, "_timestamp": 1644903855, "_step": 98}