{"run_time": 0.8454043865203857, "loss": 0.12495989352464676, "train_acc": 0.9785714285714285, "val_acc": 0.8058823529411765, "test_acc": 0.8101522842639594, "forward_nfe": 10030, "_runtime": 91, "_timestamp": 1644983486, "_step": 98}