{"run_time": 2.8977718353271484, "loss": 0.29823994636535645, "train_acc": 0.9142857142857143, "val_acc": 0.8360294117647059, "test_acc": 0.8142131979695432, "forward_nfe": 62938, "_runtime": 420, "_timestamp": 1645939820, "_step": 98}