{"run_time": 3.8943090438842773, "loss": 0.20165063440799713, "train_acc": 0.9285714285714286, "val_acc": 0.8411764705882353, "test_acc": 0.8142131979695432, "_runtime": 409, "_timestamp": 1644655742, "_step": 98}