{"run_time": 1.1817421913146973, "loss": 0.1169436052441597, "train_acc": 0.9571428571428572, "val_acc": 0.8242647058823529, "test_acc": 0.833502538071066, "_runtime": 121, "_timestamp": 1644902516, "_step": 98}