{"run_time": 9.018989324569702, "loss": 0.7264841794967651, "train_acc": 0.8071428571428572, "val_acc": 0.8279411764705882, "test_acc": 0.8243654822335026, "_runtime": 879, "_timestamp": 1644920682, "_step": 98}