{"run_time": 0.5180854797363281, "loss": 0.14743460714817047, "train_acc": 1.0, "val_acc": 0.6375, "test_acc": 0.5634517766497462, "forward_nfe": 5818, "_runtime": 57, "_timestamp": 1644981434, "_step": 98}