{"run_time": 3.5374348163604736, "loss": 0.2991394102573395, "train_acc": 0.9357142857142857, "val_acc": 0.85, "test_acc": 0.8467005076142132, "forward_nfe": 48592, "_runtime": 350, "_timestamp": 1644989485, "_step": 98}