{"loss_mean": 1.912352406978607, "train_accs_mean": 0.808, "val_accs_mean": 0.8172553191489362, "test_accs_mean": 0.8164854121353035, "fw_nfe_mean": 34472.4, "loss_std": 0.02892997228314881, "train_accs_std": 0.014621141466307537, "val_accs_std": 0.009621844958604556, "test_accs_std": 0.007523910580684774, "fw_nfe_std": 335.9271349563771, "_timestamp": 1649502480, "_runtime": 11127, "_step": 298, "_wandb": {"runtime": 11109}}