{"run_time": 2.128286361694336, "loss": 0.36209630966186523, "train_acc": 0.9285714285714286, "val_acc": 0.8426470588235294, "test_acc": 0.8406091370558376, "forward_nfe": 30412, "_runtime": 228, "_timestamp": 1648475985, "_step": 98}