{"run_time": 1.2745895385742188, "loss": 0.14422105252742767, "train_acc": 0.9357142857142857, "val_acc": 0.8470588235294118, "test_acc": 0.8284263959390863, "_runtime": 124, "_timestamp": 1644902781, "_step": 98}