{"run_time": 11.912930011749268, "loss": 0.26335957646369934, "train_acc": 0.9571428571428572, "val_acc": 0.8308823529411765, "test_acc": 0.8101522842639594, "_runtime": 979, "_timestamp": 1644641838, "_step": 98}