{"run_time": 3.152219295501709, "loss": 0.44843393564224243, "train_acc": 0.8571428571428571, "val_acc": 0.8580882352941176, "test_acc": 0.8345177664974619, "forward_nfe": 66706, "_runtime": 450, "_timestamp": 1645938493, "_step": 98}