{"run_time": 3.1818628311157227, "loss": 0.21151290833950043, "train_acc": 0.9285714285714286, "val_acc": 0.823076923076923, "test_acc": 0.8345177664974619, "forward_nfe": 66904, "_runtime": 455, "_timestamp": 1645942038, "_step": 98}