{"run_time": 2.830552101135254, "loss": 0.3233872652053833, "train_acc": 0.9214285714285714, "val_acc": 0.8566176470588235, "test_acc": 0.8467005076142132, "forward_nfe": 39736, "_runtime": 285, "_timestamp": 1644986477, "_step": 98}