{"run_time": 7.49770712852478, "loss": 1.2531203031539917, "train_acc": 0.7785714285714286, "val_acc": 0.7735294117647059, "test_acc": 0.7736040609137056, "forward_nfe": 98050, "_runtime": 754, "_timestamp": 1644949407, "_step": 98}