{"run_time": 6.108008623123169, "loss": 0.6213172078132629, "train_acc": 0.8714285714285714, "val_acc": 0.825735294117647, "test_acc": 0.8538071065989847, "forward_nfe": 85168, "_runtime": 608, "_timestamp": 1644939447, "_step": 98}