{"run_time": 0.39535975456237793, "loss": 0.16028477251529694, "train_acc": 1.0, "val_acc": 0.7507352941176471, "test_acc": 0.7208121827411168, "forward_nfe": 1336, "_runtime": 17, "_timestamp": 1648369184, "_step": 29}