{"run_time": 4.45537805557251, "loss": 1.9477920532226562, "train_acc": 0.7071428571428572, "val_acc": 0.4375, "test_acc": 0.42538071065989846, "forward_nfe": 110, "_runtime": 9, "_timestamp": 1644934300, "_step": 0}