{"run_time": 5.899336338043213, "loss": 0.7490047216415405, "train_acc": 0.8642857142857143, "val_acc": 0.8389705882352941, "test_acc": 0.8274111675126904, "_runtime": 543, "_timestamp": 1644926309, "_step": 98}