{"loss_mean": 0.08557364940643311, "train_accs_mean": 0.999, "val_accs_mean": 0.8315384615384614, "test_accs_mean": 0.8408719804730242, "fw_nfe_mean": 21935.2, "loss_std": 0.007292936807127936, "train_accs_std": 0.0020000000000000018, "val_accs_std": 0.005273580461846961, "test_accs_std": 0.005712173994314697, "fw_nfe_std": 31.498571396176047, "_timestamp": 1650539501, "_runtime": 21750, "_step": 248, "_wandb": {"runtime": 21750}}