{"run_time": 6.989678621292114, "loss": 0.8980891108512878, "train_acc": 0.8142857142857143, "val_acc": 0.7955882352941176, "test_acc": 0.8071065989847716, "forward_nfe": 93076, "_runtime": 693, "_timestamp": 1644944943, "_step": 98}