{"run_time": 5.648805856704712, "loss": 0.6845588684082031, "train_acc": 0.8642857142857143, "val_acc": 0.8080882352941177, "test_acc": 0.8253807106598985, "forward_nfe": 81016, "_runtime": 557, "_timestamp": 1644946655, "_step": 98}