{"run_time": 0.2762300968170166, "loss": 0.36956366896629333, "train_acc": 0.9928571428571429, "val_acc": 0.5941176470588235, "test_acc": 0.5949238578680203, "forward_nfe": 546, "_runtime": 10, "_timestamp": 1648373859, "_step": 16}