{"run_time": 1.2686095237731934, "loss": 0.04134106636047363, "train_acc": 0.9928571428571429, "val_acc": 0.8308823529411765, "test_acc": 0.833502538071066, "_runtime": 126, "_timestamp": 1644901986, "_step": 98}