{"run_time": 6.018785715103149, "loss": 0.6063856482505798, "train_acc": 0.8785714285714286, "val_acc": 0.8397058823529412, "test_acc": 0.8050761421319796, "_runtime": 605, "_timestamp": 1644915608, "_step": 98}