{"run_time": 0.944965124130249, "loss": 0.08270709961652756, "train_acc": 0.9928571428571429, "val_acc": 0.8213235294117647, "test_acc": 0.8111675126903554, "forward_nfe": 10396, "_runtime": 91, "_timestamp": 1644981613, "_step": 98}