{"run_time": 1.212843894958496, "loss": 0.13083715736865997, "train_acc": 0.9642857142857143, "val_acc": 0.850735294117647, "test_acc": 0.833502538071066, "_runtime": 126, "_timestamp": 1644896256, "_step": 98}