{"run_time": 2.0419762134552, "loss": 0.3373800814151764, "train_acc": 0.9357142857142857, "val_acc": 0.8470588235294118, "test_acc": 0.8365482233502538, "forward_nfe": 7166, "_runtime": 58, "_timestamp": 1644937395, "_step": 24}