{"run_time": 1.2674803733825684, "loss": 0.1484813094139099, "train_acc": 0.95, "val_acc": 0.8375, "test_acc": 0.8375634517766497, "_runtime": 127, "_timestamp": 1644903456, "_step": 98}