{"run_time": 3.244241237640381, "loss": 0.11541078984737396, "train_acc": 1.0, "val_acc": 0.6191176470588236, "test_acc": 0.5675126903553299, "_runtime": 243, "_timestamp": 1644377293, "_step": 72}