{"run_time": 4.061949729919434, "loss": 0.24196071922779083, "train_acc": 0.9142857142857143, "val_acc": 0.8485294117647059, "test_acc": 0.8284263959390863, "forward_nfe": 16918, "_runtime": 456, "_timestamp": 1649817790, "_step": 98}