{"run_time": 1.2663123607635498, "loss": 0.08891166746616364, "train_acc": 0.9428571428571428, "val_acc": 0.8558823529411764, "test_acc": 0.8446700507614213, "_runtime": 124, "_timestamp": 1644893291, "_step": 98}