{"run_time": 5.632081985473633, "loss": 1.9934232234954834, "train_acc": 0.2357142857142857, "val_acc": 0.35661764705882354, "test_acc": 0.36446700507614216, "forward_nfe": 1942, "_runtime": 22, "_timestamp": 1648345190, "_step": 2}