{"run_time": 6.142206907272339, "loss": 0.7263486981391907, "train_acc": 0.8285714285714286, "val_acc": 0.8132352941176471, "test_acc": 0.7807106598984772, "forward_nfe": 85312, "_runtime": 610, "_timestamp": 1644947274, "_step": 98}