{"run_time": 1.8324365615844727, "loss": 0.19727346301078796, "train_acc": 0.9642857142857143, "val_acc": 0.8455882352941176, "test_acc": 0.8406091370558376, "forward_nfe": 25846, "_runtime": 190, "_timestamp": 1644986182, "_step": 98}