{"run_time": 9.996270656585693, "loss": 2.0624115467071533, "train_acc": 0.14285714285714285, "val_acc": 0.11176470588235295, "test_acc": 0.11878172588832488, "forward_nfe": 606, "_runtime": 25, "_timestamp": 1650420905, "_step": 1}