{"run_time": 3.329465866088867, "loss": 0.3779323399066925, "train_acc": 0.8928571428571429, "val_acc": 0.8455882352941176, "test_acc": 0.8416243654822335, "forward_nfe": 69214, "_runtime": 466, "_timestamp": 1645938968, "_step": 98}