{"loss_mean": 0.12383064776659011, "train_accs_mean": 0.9614285714285714, "val_accs_mean": 0.7743382352941177, "test_accs_mean": 0.7878172588832487, "fw_nfe_mean": 9257.8, "loss_std": 0.02108373685587701, "train_accs_std": 0.01182353239803346, "val_accs_std": 0.029190250392778054, "test_accs_std": 0.03314374870202734, "fw_nfe_std": 125.41435324555162, "_timestamp": 1649401954, "_runtime": 241, "_step": 53, "_wandb": {"runtime": 244}}