{"run_time": 0.7629852294921875, "loss": 0.0577278733253479, "train_acc": 1.0, "val_acc": 0.5882352941176471, "test_acc": 0.5543147208121827, "_runtime": 164, "_timestamp": 1643268730, "_step": 98}