{"run_time": 2.044337272644043, "loss": 0.33424443006515503, "train_acc": 0.9571428571428572, "val_acc": 0.8536764705882353, "test_acc": 0.8456852791878172, "forward_nfe": 29926, "_runtime": 214, "_timestamp": 1644989126, "_step": 98}