{"run_time": 12.842914342880249, "loss": 0.7528931498527527, "train_acc": 0.8785714285714286, "val_acc": 0.8382352941176471, "test_acc": 0.8101522842639594, "_runtime": 1392, "_timestamp": 1644899953, "_step": 98}