{"run_time": 17.909092664718628, "loss": 0.5952794551849365, "train_acc": 0.8928571428571429, "val_acc": 0.8154411764705882, "test_acc": 0.8162436548223351, "_runtime": 1719, "_timestamp": 1644901683, "_step": 98}