{"run_time": 3.1363134384155273, "loss": 1.9529013633728027, "train_acc": 0.9285714285714286, "val_acc": 0.5044117647058823, "test_acc": 0.4751269035532995, "_runtime": 8, "_timestamp": 1642175978, "_step": 0}