{"run_time": 3.363617181777954, "loss": 0.2899177372455597, "train_acc": 1.0, "val_acc": 0.5507352941176471, "test_acc": 0.5248730964467005, "_runtime": 79, "_timestamp": 1644376997, "_step": 27}