{"run_time": 0.5059390068054199, "loss": 0.09718445688486099, "train_acc": 0.9928571428571429, "val_acc": 0.5463235294117647, "test_acc": 0.5329949238578681, "_runtime": 54, "_timestamp": 1643186506, "_step": 98}