{"run_time": 2.900076389312744, "loss": 0.2566511034965515, "train_acc": 0.9285714285714286, "val_acc": 0.8602941176470589, "test_acc": 0.8223350253807107, "_runtime": 332, "_timestamp": 1644467783, "_step": 98}