{"run_time": 4.2736616134643555, "loss": 1.9531245231628418, "train_acc": 0.6214285714285714, "val_acc": 0.5169117647058824, "test_acc": 0.5299492385786801, "forward_nfe": 110, "_runtime": 10, "_timestamp": 1644934435, "_step": 0}