{"run_time": 1.2590181827545166, "loss": 0.08967035263776779, "train_acc": 0.9857142857142858, "val_acc": 0.8669117647058824, "test_acc": 0.8558375634517766, "_runtime": 127, "_timestamp": 1644903184, "_step": 98}