{"run_time": 3.2735273838043213, "loss": 1.950963020324707, "train_acc": 0.8357142857142857, "val_acc": 0.3522058823529412, "test_acc": 0.3766497461928934, "_runtime": 8, "_timestamp": 1644375971, "_step": 0}