{"run_time": 4.506737947463989, "loss": 1.952091097831726, "train_acc": 0.4357142857142857, "val_acc": 0.3948529411764706, "test_acc": 0.3604060913705584, "forward_nfe": 110, "_runtime": 9, "_timestamp": 1644934381, "_step": 0}