{"run_time": 1.2396090030670166, "loss": 0.08387976139783859, "train_acc": 0.9857142857142858, "val_acc": 0.8419117647058824, "test_acc": 0.8365482233502538, "_runtime": 126, "_timestamp": 1644904258, "_step": 98}