{"run_time": 3.882063388824463, "loss": 0.1455577313899994, "train_acc": 1.0, "val_acc": 0.6022058823529411, "test_acc": 0.5928934010152285, "_runtime": 68, "_timestamp": 1643269135, "_step": 19}