{"run_time": 7.9823830127716064, "loss": 1.4493694305419922, "train_acc": 0.8285714285714286, "val_acc": 0.7867647058823529, "test_acc": 0.7898477157360406, "forward_nfe": 101806, "_runtime": 807, "_timestamp": 1644997596, "_step": 98}