{"run_time": 2.31855845451355, "loss": 0.0750214159488678, "train_acc": 0.9928571428571429, "val_acc": 0.8191176470588235, "test_acc": 0.8294416243654822, "forward_nfe": 5416, "_runtime": 133, "_timestamp": 1648778311, "_step": 98}