{"run_time": 0.5480971336364746, "loss": 0.09450452029705048, "train_acc": 0.9928571428571429, "val_acc": 0.711764705882353, "test_acc": 0.667005076142132, "forward_nfe": 6340, "_runtime": 60, "_timestamp": 1644985727, "_step": 98}