{"run_time": 4.247117042541504, "loss": 0.20401406288146973, "train_acc": 0.9857142857142858, "val_acc": 0.8323529411764706, "test_acc": 0.8365482233502538, "_runtime": 541, "_timestamp": 1644637595, "_step": 98}