{"run_time": 1.3047611713409424, "loss": 0.1085430234670639, "train_acc": 0.9642857142857143, "val_acc": 0.8573529411764705, "test_acc": 0.8467005076142132, "forward_nfe": 10900, "_runtime": 90, "_timestamp": 1647353494, "_step": 62}