{"run_time": 1.2001385688781738, "loss": 0.07138591259717941, "train_acc": 0.9928571428571429, "val_acc": 0.8470588235294118, "test_acc": 0.8527918781725888, "_runtime": 122, "_timestamp": 1644904390, "_step": 98}