{"run_time": 2.0992138385772705, "loss": 0.20911671221256256, "train_acc": 0.9571428571428572, "val_acc": 0.8286764705882353, "test_acc": 0.8588832487309644, "_runtime": 214, "_timestamp": 1644913628, "_step": 98}