{"run_time": 16.477078676223755, "loss": 1.9202989339828491, "train_acc": 0.65, "val_acc": 0.6522058823529412, "test_acc": 0.6040609137055838, "_runtime": 1811, "_timestamp": 1644915924, "_step": 98}