{"run_time": 1.1822962760925293, "loss": 0.11642640084028244, "train_acc": 0.9642857142857143, "val_acc": 0.850735294117647, "test_acc": 0.8345177664974619, "_runtime": 124, "_timestamp": 1644895037, "_step": 98}