{"run_time": 7.340444803237915, "loss": 1.9459095001220703, "train_acc": 0.14285714285714285, "val_acc": 0.3029411764705882, "test_acc": 0.2984771573604061, "_runtime": 800, "_timestamp": 1644380647, "_step": 98}