{"run_time": 1.1998720169067383, "loss": 0.08041539788246155, "train_acc": 0.9928571428571429, "val_acc": 0.8294117647058824, "test_acc": 0.8243654822335026, "_runtime": 125, "_timestamp": 1644901178, "_step": 98}