{"run_time": 11.91815710067749, "loss": 1.4374854564666748, "train_acc": 0.7785714285714286, "val_acc": 0.8080882352941177, "test_acc": 0.7654822335025381, "_runtime": 1023, "_timestamp": 1644922775, "_step": 98}