{"run_time": 1.2053871154785156, "loss": 0.11046099662780762, "train_acc": 0.9428571428571428, "val_acc": 0.8455882352941176, "test_acc": 0.8477157360406091, "_runtime": 127, "_timestamp": 1644894502, "_step": 98}