{"run_time": 3.7942392826080322, "loss": 0.4120129346847534, "train_acc": 0.8928571428571429, "val_acc": 0.8316176470588236, "test_acc": 0.8284263959390863, "forward_nfe": 70654, "_runtime": 477, "_timestamp": 1645938034, "_step": 98}