{"run_time": 1.5731303691864014, "loss": 0.17030218243598938, "train_acc": 0.9785714285714285, "val_acc": 0.836764705882353, "test_acc": 0.8192893401015229, "forward_nfe": 17640, "_runtime": 146, "_timestamp": 1647353118, "_step": 97}