{"run_time": 8.141886949539185, "loss": 1.0970295667648315, "train_acc": 0.7, "val_acc": 0.7647058823529411, "test_acc": 0.7807106598984772, "_runtime": 572, "_timestamp": 1644379125, "_step": 68}