{"run_time": 2.9742305278778076, "loss": 0.4873217046260834, "train_acc": 0.9214285714285714, "val_acc": 0.8455882352941176, "test_acc": 0.8263959390862944, "forward_nfe": 62128, "_runtime": 413, "_timestamp": 1645939390, "_step": 98}