{"run_time": 16.924249410629272, "loss": 0.23523570597171783, "train_acc": 0.9642857142857143, "val_acc": 0.8573529411764705, "test_acc": 0.8578680203045685, "_runtime": 345, "_timestamp": 1644597758, "_step": 38}