{"run_time": 3.1791892051696777, "loss": 0.4336920380592346, "train_acc": 0.8714285714285714, "val_acc": 0.8308823529411765, "test_acc": 0.8588832487309644, "forward_nfe": 47344, "_runtime": 327, "_timestamp": 1644945636, "_step": 98}