{"run_time": 1.9329805374145508, "loss": 0.14631636440753937, "train_acc": 0.9857142857142858, "val_acc": 0.8441176470588235, "test_acc": 0.833502538071066, "_runtime": 314, "_timestamp": 1644420994, "_step": 98}