{"run_time": 1.1832859516143799, "loss": 0.2803094983100891, "train_acc": 0.9071428571428571, "val_acc": 0.8536764705882353, "test_acc": 0.8548223350253807, "_runtime": 123, "_timestamp": 1644913405, "_step": 98}