{"run_time": 4.634129524230957, "loss": 0.3335537910461426, "train_acc": 0.9357142857142857, "val_acc": 0.8485294117647059, "test_acc": 0.8639593908629442, "forward_nfe": 16100, "_runtime": 594, "_timestamp": 1650470355, "_step": 72}