{"run_time": 1.2272789478302002, "loss": 0.09899803251028061, "train_acc": 0.9642857142857143, "val_acc": 0.8698529411764706, "test_acc": 0.8507614213197969, "_runtime": 126, "_timestamp": 1644893561, "_step": 98}