{"run_time": 1.571913719177246, "loss": 0.10416620224714279, "train_acc": 0.9642857142857143, "val_acc": 0.8529411764705882, "test_acc": 0.8253807106598985, "_runtime": 125, "_timestamp": 1644896664, "_step": 98}