{"run_time": 1.2062828540802002, "loss": 0.10873890668153763, "train_acc": 0.95, "val_acc": 0.8455882352941176, "test_acc": 0.8182741116751269, "_runtime": 125, "_timestamp": 1644894769, "_step": 98}