{"run_time": 7.947672128677368, "loss": 0.9019616842269897, "train_acc": 0.7928571428571428, "val_acc": 0.7433823529411765, "test_acc": 0.7614213197969543, "forward_nfe": 99214, "_runtime": 775, "_timestamp": 1644995987, "_step": 98}