{"run_time": 6.598489761352539, "loss": 1.5527141094207764, "train_acc": 0.7, "val_acc": 0.7, "test_acc": 0.6710659898477157, "forward_nfe": 3726, "_runtime": 59, "_timestamp": 1650444256, "_step": 7}