{"run_time": 4.767910957336426, "loss": 1.9471858739852905, "train_acc": 0.17857142857142858, "val_acc": 0.1125, "test_acc": 0.13604060913705585, "_runtime": 9, "_timestamp": 1644420582, "_step": 0}