{"run_time": 0.5479028224945068, "loss": 0.07347540557384491, "train_acc": 0.9928571428571429, "val_acc": 0.7044117647058824, "test_acc": 0.6964467005076143, "forward_nfe": 6532, "_runtime": 62, "_timestamp": 1644939585, "_step": 98}