{"run_time": 4.501851558685303, "loss": 1.945308804512024, "train_acc": 0.7428571428571429, "val_acc": 0.3911764705882353, "test_acc": 0.38274111675126904, "forward_nfe": 116, "_runtime": 10, "_timestamp": 1644934328, "_step": 0}