{"run_time": 3.1953377723693848, "loss": 0.4760439097881317, "train_acc": 0.8428571428571429, "val_acc": 0.8397058823529412, "test_acc": 0.833502538071066, "forward_nfe": 67678, "_runtime": 455, "_timestamp": 1645940715, "_step": 98}