{"run_time": 9.712773323059082, "loss": 2.003206729888916, "train_acc": 0.42142857142857143, "val_acc": 0.34044117647058825, "test_acc": 0.3248730964467005, "forward_nfe": 594, "_runtime": 25, "_timestamp": 1650442371, "_step": 1}