{"run_time": 0.4097709655761719, "loss": 0.22325190901756287, "train_acc": 1.0, "val_acc": 0.7764705882352941, "test_acc": 0.7441624365482233, "forward_nfe": 4390, "_runtime": 45, "_timestamp": 1648369900, "_step": 98}