{"run_time": 11.324151039123535, "loss": 1.5617365837097168, "train_acc": 0.7357142857142858, "val_acc": 0.7801470588235294, "test_acc": 0.7705583756345178, "_runtime": 954, "_timestamp": 1644917962, "_step": 98}