{"run_time": 1.231959581375122, "loss": 0.06547550857067108, "train_acc": 1.0, "val_acc": 0.8345588235294118, "test_acc": 0.8111675126903554, "_runtime": 123, "_timestamp": 1644902386, "_step": 98}