{"run_time": 6.578490495681763, "loss": 0.5235893726348877, "train_acc": 0.8642857142857143, "val_acc": 0.825735294117647, "test_acc": 0.8081218274111676, "forward_nfe": 88252, "_runtime": 647, "_timestamp": 1644985658, "_step": 98}