{"run_time": 0.3682405948638916, "loss": 0.09828616678714752, "train_acc": 1.0, "val_acc": 0.7720588235294118, "test_acc": 0.7705583756345178, "forward_nfe": 4462, "_runtime": 45, "_timestamp": 1647835993, "_step": 98}