{"loss_mean": 0.11856388039886952, "train_accs_mean": 1.0, "val_accs_mean": 0.6721691176470588, "test_accs_mean": 0.6628426395939085, "fw_nfe_mean": 1238.6, "loss_std": 0.01961527243696653, "train_accs_std": 0.0, "val_accs_std": 0.011476890708232778, "test_accs_std": 0.015255137318790895, "fw_nfe_std": 4.608687448721165, "_timestamp": 1649383840, "_runtime": 49, "_step": 24}