{"run_time": 3.202634334564209, "loss": 0.15687644481658936, "train_acc": 0.9142857142857143, "val_acc": 0.8433823529411765, "test_acc": 0.8538071065989847, "_runtime": 397, "_timestamp": 1644898549, "_step": 98}