{"run_time": 0.28931641578674316, "loss": 0.08008329570293427, "train_acc": 1.0, "val_acc": 0.6, "test_acc": 0.5736040609137056, "_runtime": 32, "_timestamp": 1643266200, "_step": 98}