{"run_time": 1.1940295696258545, "loss": 0.08975110203027725, "train_acc": 0.9857142857142858, "val_acc": 0.836764705882353, "test_acc": 0.849746192893401, "_runtime": 127, "_timestamp": 1644897497, "_step": 98}