{"run_time": 0.6597855091094971, "loss": 0.09401167929172516, "train_acc": 1.0, "val_acc": 0.5941176470588235, "test_acc": 0.5928934010152285, "_runtime": 77, "_timestamp": 1643183074, "_step": 98}