{"run_time": 2.5233659744262695, "loss": 0.2918218672275543, "train_acc": 0.9285714285714286, "val_acc": 0.8448529411764706, "test_acc": 0.8385786802030457, "forward_nfe": 34216, "_runtime": 251, "_timestamp": 1644984048, "_step": 98}