{"loss_mean": 0.08954136241227388, "train_accs_mean": 0.9942857142857143, "val_accs_mean": 0.7875367647058824, "test_accs_mean": 0.8069035532994924, "fw_nfe_mean": 11471.8, "loss_std": 0.02113870143503427, "train_accs_std": 0.005802884574739952, "val_accs_std": 0.013739330163406817, "test_accs_std": 0.015687168253172554, "fw_nfe_std": 182.94687753552944, "_timestamp": 1649383398, "_runtime": 275, "_step": 98, "_wandb": {"runtime": 276}}