{"run_time": 1.6339926719665527, "loss": 0.11640193313360214, "train_acc": 0.9285714285714286, "val_acc": 0.85, "test_acc": 0.8304568527918782, "forward_nfe": 21262, "_runtime": 165, "_timestamp": 1644981914, "_step": 98}