{"run_time": 0.5935900211334229, "loss": 0.07697686553001404, "train_acc": 1.0, "val_acc": 0.5654411764705882, "test_acc": 0.5776649746192893, "_runtime": 70, "_timestamp": 1643180992, "_step": 98}