{"run_time": 0.40506839752197266, "loss": 0.11363760381937027, "train_acc": 0.9857142857142858, "val_acc": 0.6227941176470588, "test_acc": 0.5888324873096447, "_runtime": 46, "_timestamp": 1643266877, "_step": 98}