{"run_time": 2.5019543170928955, "loss": 1.0972651243209839, "train_acc": 0.7714285714285715, "val_acc": 0.8264705882352941, "test_acc": 0.8406091370558376, "forward_nfe": 2764, "_runtime": 27, "_timestamp": 1647352362, "_step": 8}