{"run_time": 1.2389731407165527, "loss": 0.10217716544866562, "train_acc": 0.9571428571428572, "val_acc": 0.85, "test_acc": 0.8375634517766497, "_runtime": 125, "_timestamp": 1644899974, "_step": 98}