{"run_time": 1.5093767642974854, "loss": 0.05248359218239784, "train_acc": 1.0, "val_acc": 0.8058823529411765, "test_acc": 0.8142131979695432, "_runtime": 154, "_timestamp": 1644633598, "_step": 98}