{"run_time": 4.912687540054321, "loss": 0.3016776740550995, "train_acc": 0.8928571428571429, "val_acc": 0.8441176470588235, "test_acc": 0.8233502538071066, "forward_nfe": 37882, "_runtime": 523, "_timestamp": 1649839639, "_step": 98}