{"loss_mean": 0.3248873740434647, "train_accs_mean": 0.9095000000000001, "val_accs_mean": 0.8347692307692307, "test_accs_mean": 0.8178099486575204, "fw_nfe_mean": 14956.6, "loss_std": 0.006304956533511, "train_accs_std": 0.017240939649566682, "val_accs_std": 0.010724081180211351, "test_accs_std": 0.005510298350936979, "fw_nfe_std": 34.61849216820398, "_timestamp": 1650041254, "_runtime": 9226, "_step": 98, "_wandb": {"runtime": 9226}}