{"run_time": 4.312035799026489, "loss": 0.5030340552330017, "train_acc": 0.9857142857142858, "val_acc": 0.5183823529411765, "test_acc": 0.5329949238578681, "_runtime": 24, "_timestamp": 1643269174, "_step": 6}