{"run_time": 0.27374815940856934, "loss": 0.12464138865470886, "train_acc": 1.0, "val_acc": 0.5801470588235295, "test_acc": 0.5705583756345177, "_runtime": 19, "_timestamp": 1643267974, "_step": 52}