{"run_time": 3.0025100708007812, "loss": 0.41945937275886536, "train_acc": 0.9285714285714286, "val_acc": 0.8265734265734266, "test_acc": 0.8324873096446701, "forward_nfe": 62920, "_runtime": 424, "_timestamp": 1645941573, "_step": 98}