{"run_time": 9.252307415008545, "loss": 0.881144106388092, "train_acc": 0.8785714285714286, "val_acc": 0.7772058823529412, "test_acc": 0.751269035532995, "forward_nfe": 1568, "_runtime": 41, "_timestamp": 1650444324, "_step": 3}