{"run_time": 3.8379733562469482, "loss": 0.19996464252471924, "train_acc": 0.9285714285714286, "val_acc": 0.8426470588235294, "test_acc": 0.8263959390862944, "forward_nfe": 6932, "_runtime": 181, "_timestamp": 1649775800, "_step": 39}