{"run_time": 8.431597709655762, "loss": 0.3389066755771637, "train_acc": 0.9428571428571428, "val_acc": 0.8522058823529411, "test_acc": 0.8304568527918782, "_runtime": 645, "_timestamp": 1644655238, "_step": 98}