{"run_time": 11.758837699890137, "loss": 0.8644372820854187, "train_acc": 0.7714285714285715, "val_acc": 0.8183823529411764, "test_acc": 0.8081218274111676, "_runtime": 1484, "_timestamp": 1644461953, "_step": 98}