{"run_time": 0.9087562561035156, "loss": 0.1062687486410141, "train_acc": 0.9857142857142858, "val_acc": 0.8294117647058824, "test_acc": 0.8142131979695432, "forward_nfe": 10354, "_runtime": 91, "_timestamp": 1644937788, "_step": 98}