{"run_time": 4.373201847076416, "loss": 1.9491024017333984, "train_acc": 0.7571428571428571, "val_acc": 0.48455882352941176, "test_acc": 0.4873096446700508, "_runtime": 9, "_timestamp": 1644935343, "_step": 0}