{"run_time": 18.366168975830078, "loss": 1.4401421546936035, "train_acc": 0.7214285714285714, "val_acc": 0.7801470588235294, "test_acc": 0.7644670050761422, "_runtime": 2338, "_timestamp": 1644588410, "_step": 98}