{"run_time": 4.194392204284668, "loss": 0.07672787457704544, "train_acc": 1.0, "val_acc": 0.6529411764705882, "test_acc": 0.6690355329949239, "_runtime": 27, "_timestamp": 1644376200, "_step": 6}