{"run_time": 3.77992582321167, "loss": 0.27288171648979187, "train_acc": 0.9071428571428571, "val_acc": 0.8455882352941176, "test_acc": 0.8324873096446701, "forward_nfe": 53134, "_runtime": 379, "_timestamp": 1644940632, "_step": 98}