{"loss_mean": 0.046246325597167015, "train_accs_mean": 1.0, "val_accs_mean": 0.919776119402985, "test_accs_mean": 0.92864539836312, "fw_nfe_mean": 6377.8, "loss_std": 0.005892533313010702, "train_accs_std": 0.0, "val_accs_std": 0.006237038241314003, "test_accs_std": 0.005067218242866018, "fw_nfe_std": 21.474636201807936, "_timestamp": 1649838461, "_runtime": 3833, "_step": 98, "_wandb": {"runtime": 3834}}