{"run_time": 1.0874102115631104, "loss": 0.09899426251649857, "train_acc": 1.0, "val_acc": 0.5264705882352941, "test_acc": 0.5309644670050762, "_runtime": 162, "_timestamp": 1644420170, "_step": 98}