{"run_time": 5.575029373168945, "loss": 0.6451788544654846, "train_acc": 0.8714285714285714, "val_acc": 0.7804195804195804, "test_acc": 0.7918781725888325, "forward_nfe": 93466, "_runtime": 689, "_timestamp": 1647082398, "_step": 98}