{"run_time": 1.2768967151641846, "loss": 0.15508624911308289, "train_acc": 0.9857142857142858, "val_acc": 0.8551470588235294, "test_acc": 0.8558375634517766, "forward_nfe": 14734, "_runtime": 125, "_timestamp": 1644937923, "_step": 98}