{"run_time": 2.034247636795044, "loss": 0.2833807170391083, "train_acc": 0.9285714285714286, "val_acc": 0.8426470588235294, "test_acc": 0.8274111675126904, "forward_nfe": 11576, "_runtime": 91, "_timestamp": 1644937214, "_step": 39}