{"run_time": 4.347485065460205, "loss": 0.37132373452186584, "train_acc": 0.9, "val_acc": 0.8316176470588236, "test_acc": 0.8345177664974619, "forward_nfe": 584, "_runtime": 22, "_timestamp": 1649775472, "_step": 3}