{"run_time": 1.2028851509094238, "loss": 0.09306524693965912, "train_acc": 1.0, "val_acc": 0.8433823529411765, "test_acc": 0.8558375634517766, "_runtime": 124, "_timestamp": 1644903590, "_step": 98}