{"run_time": 18.069609880447388, "loss": 0.9387381672859192, "train_acc": 0.7, "val_acc": 0.7602941176470588, "test_acc": 0.7360406091370558, "forward_nfe": 103888, "_runtime": 1655, "_timestamp": 1648782748, "_step": 98}