{"run_time": 1.2001628875732422, "loss": 0.09865327924489975, "train_acc": 0.9928571428571429, "val_acc": 0.85, "test_acc": 0.8385786802030457, "_runtime": 125, "_timestamp": 1644899706, "_step": 98}