{"run_time": 5.49272608757019, "loss": 0.4587254226207733, "train_acc": 0.8857142857142857, "val_acc": 0.8522058823529411, "test_acc": 0.8365482233502538, "_runtime": 517, "_timestamp": 1644919018, "_step": 98}