{"run_time": 33.36314392089844, "loss": 1.7217309474945068, "train_acc": 0.7928571428571428, "val_acc": 0.6257352941176471, "test_acc": 0.6446700507614214, "_runtime": 226, "_timestamp": 1644893844, "_step": 8}