{"run_time": 1.2491722106933594, "loss": 0.1667666882276535, "train_acc": 0.9571428571428572, "val_acc": 0.8433823529411765, "test_acc": 0.849746192893401, "_runtime": 124, "_timestamp": 1644894903, "_step": 98}