{"run_time": 0.3232913017272949, "loss": 1.9459623098373413, "train_acc": 0.15714285714285714, "val_acc": 0.29926470588235293, "test_acc": 0.2984771573604061, "forward_nfe": 898, "_runtime": 13, "_timestamp": 1648369659, "_step": 26}