{"run_time": 6.984907388687134, "loss": 0.6245249509811401, "train_acc": 0.8428571428571429, "val_acc": 0.8154411764705882, "test_acc": 0.8314720812182741, "_runtime": 754, "_timestamp": 1644927074, "_step": 98}