{"run_time": 19.412994861602783, "loss": 2.025144100189209, "train_acc": 0.9142857142857143, "val_acc": 0.7419117647058824, "test_acc": 0.7593908629441625, "_runtime": 830, "_timestamp": 1644932409, "_step": 33}