{"run_time": 21.548492908477783, "loss": 0.44675707817077637, "train_acc": 0.9, "val_acc": 0.8183823529411764, "test_acc": 0.817258883248731, "_runtime": 1672, "_timestamp": 1644592567, "_step": 98}