{"run_time": 0.530463695526123, "loss": 0.09348589181900024, "train_acc": 0.9857142857142858, "val_acc": 0.5727941176470588, "test_acc": 0.6, "forward_nfe": 5728, "_runtime": 57, "_timestamp": 1644939513, "_step": 98}