{"run_time": 7.465047359466553, "loss": 0.9952369928359985, "train_acc": 0.7857142857142857, "val_acc": 0.775, "test_acc": 0.798984771573604, "forward_nfe": 97954, "_runtime": 751, "_timestamp": 1644993260, "_step": 98}