{"run_time": 0.27558088302612305, "loss": 0.14106407761573792, "train_acc": 0.9857142857142858, "val_acc": 0.55, "test_acc": 0.5583756345177665, "_runtime": 32, "_timestamp": 1643268371, "_step": 98}