{"run_time": 9.981987237930298, "loss": 1.954184889793396, "train_acc": 0.7785714285714286, "val_acc": 0.7588235294117647, "test_acc": 0.7299492385786802, "forward_nfe": 88256, "_runtime": 702, "_timestamp": 1644935153, "_step": 75}