{"loss_mean": 1.04042906165123, "train_accs_mean": 0.8868749999999999, "val_accs_mean": 0.7134328358208955, "test_accs_mean": 0.7080173709704359, "fw_nfe_mean": 416.0, "loss_std": 0.033717646879164426, "train_accs_std": 0.022784657666947733, "val_accs_std": 0.023440439872795954, "test_accs_std": 0.02218368828443309, "fw_nfe_std": 0.0, "_timestamp": 1650562838, "_runtime": 480, "_step": 6}