{"run_time": 0.949289083480835, "loss": 0.09306073188781738, "train_acc": 1.0, "val_acc": 0.6286764705882353, "test_acc": 0.5959390862944163, "_runtime": 227, "_timestamp": 1644375532, "_step": 98}