{"run_time": 0.37486839294433594, "loss": 0.10526015609502792, "train_acc": 0.9857142857142858, "val_acc": 0.5926470588235294, "test_acc": 0.5705583756345177, "_runtime": 38, "_timestamp": 1643266822, "_step": 98}