{"run_time": 5.662571430206299, "loss": 0.6963173151016235, "train_acc": 0.8285714285714286, "val_acc": 0.8161764705882353, "test_acc": 0.8203045685279188, "forward_nfe": 81088, "_runtime": 562, "_timestamp": 1644990505, "_step": 98}