{"run_time": 4.236387491226196, "loss": 0.41537511348724365, "train_acc": 0.8428571428571429, "val_acc": 0.8220588235294117, "test_acc": 0.8223350253807107, "forward_nfe": 60910, "_runtime": 431, "_timestamp": 1644982634, "_step": 98}