{"run_time": 3.2203197479248047, "loss": 1.7441116571426392, "train_acc": 0.8857142857142857, "val_acc": 0.5838235294117647, "test_acc": 0.5969543147208122, "_runtime": 9, "_timestamp": 1642175946, "_step": 1}