{"run_time": 6.217736005783081, "loss": 1.0298094749450684, "train_acc": 0.7857142857142857, "val_acc": 0.8397058823529412, "test_acc": 0.8040609137055837, "forward_nfe": 86296, "_runtime": 616, "_timestamp": 1644944240, "_step": 98}