{"run_time": 6.329861164093018, "loss": 2.2166125774383545, "train_acc": 0.6428571428571429, "val_acc": 0.37426470588235294, "test_acc": 0.38578680203045684, "forward_nfe": 312, "_runtime": 21, "_timestamp": 1649817230, "_step": 1}