{"run_time": 0.4488694667816162, "loss": 0.08970097452402115, "train_acc": 1.0, "val_acc": 0.5720588235294117, "test_acc": 0.5695431472081218, "_runtime": 47, "_timestamp": 1643268479, "_step": 98}