{"run_time": 2.6350045204162598, "loss": 0.4643082618713379, "train_acc": 0.9357142857142857, "val_acc": 0.8529411764705882, "test_acc": 0.8578680203045685, "forward_nfe": 37858, "_runtime": 275, "_timestamp": 1644938388, "_step": 98}