{"run_time": 0.56618332862854, "loss": 0.06326164305210114, "train_acc": 1.0, "val_acc": 0.6772058823529412, "test_acc": 0.6649746192893401, "forward_nfe": 6382, "_runtime": 60, "_timestamp": 1644936290, "_step": 98}