{"run_time": 0.6616275310516357, "loss": 0.03201105073094368, "train_acc": 1.0, "val_acc": 0.7404411764705883, "test_acc": 0.732994923857868, "forward_nfe": 7330, "_runtime": 68, "_timestamp": 1644937687, "_step": 98}