{"run_time": 4.390278577804565, "loss": 1.9489988088607788, "train_acc": 0.38571428571428573, "val_acc": 0.3698529411764706, "test_acc": 0.3553299492385787, "forward_nfe": 110, "_runtime": 9, "_timestamp": 1644934354, "_step": 0}