{"run_time": 2.340815544128418, "loss": 0.44247451424598694, "train_acc": 0.9071428571428571, "val_acc": 0.8573529411764705, "test_acc": 0.833502538071066, "forward_nfe": 22238, "_runtime": 169, "_timestamp": 1648475634, "_step": 75}