{"run_time": 1.2161295413970947, "loss": 0.14005854725837708, "train_acc": 0.95, "val_acc": 0.8529411764705882, "test_acc": 0.8426395939086294, "_runtime": 125, "_timestamp": 1644893426, "_step": 98}