{"run_time": 17.468565464019775, "loss": 1.8752936124801636, "train_acc": 0.7928571428571428, "val_acc": 0.7477941176470588, "test_acc": 0.7543147208121828, "_runtime": 1702, "_timestamp": 1644919555, "_step": 98}