{"run_time": 3.65771484375, "loss": 0.7275670170783997, "train_acc": 0.9428571428571428, "val_acc": 0.46397058823529413, "test_acc": 0.47918781725888326, "_runtime": 12, "_timestamp": 1644377025, "_step": 1}