{"run_time": 1.5085840225219727, "loss": 1.9491075277328491, "train_acc": 0.7928571428571428, "val_acc": 0.5139705882352941, "test_acc": 0.5218274111675127, "forward_nfe": 56, "_runtime": 7, "_timestamp": 1647353131, "_step": 0}