{"run_time": 3.5250165462493896, "loss": 0.4614427983760834, "train_acc": 0.9071428571428571, "val_acc": 0.8492647058823529, "test_acc": 0.8426395939086294, "forward_nfe": 4032, "_runtime": 119, "_timestamp": 1649830298, "_step": 22}