{"run_time": 0.3931574821472168, "loss": 0.34315046668052673, "train_acc": 0.9785714285714285, "val_acc": 0.7448529411764706, "test_acc": 0.7441624365482233, "forward_nfe": 1502, "_runtime": 18, "_timestamp": 1648369732, "_step": 33}