{"run_time": 6.106668710708618, "loss": 0.6352975964546204, "train_acc": 0.7928571428571428, "val_acc": 0.8242647058823529, "test_acc": 0.7807106598984772, "_runtime": 606, "_timestamp": 1644911128, "_step": 98}