{"run_time": 1.1917428970336914, "loss": 0.13318893313407898, "train_acc": 0.9357142857142857, "val_acc": 0.8433823529411765, "test_acc": 0.8355329949238579, "_runtime": 123, "_timestamp": 1644903047, "_step": 98}