{"run_time": 1.2227351665496826, "loss": 0.10058369487524033, "train_acc": 0.9571428571428572, "val_acc": 0.8529411764705882, "test_acc": 0.8365482233502538, "forward_nfe": 14950, "_runtime": 125, "_timestamp": 1644945077, "_step": 98}