{"run_time": 0.6596996784210205, "loss": 0.11703485995531082, "train_acc": 1.0, "val_acc": 0.725735294117647, "test_acc": 0.7208121827411168, "forward_nfe": 7408, "_runtime": 70, "_timestamp": 1644981513, "_step": 98}