{"run_time": 44.83253717422485, "loss": 1.4872651100158691, "train_acc": 0.5928571428571429, "val_acc": 0.6867647058823529, "test_acc": 0.6649746192893401, "_runtime": 2543, "_timestamp": 1644636864, "_step": 98}