{"run_time": 1.276831865310669, "loss": 0.1366511434316635, "train_acc": 1.0, "val_acc": 0.8153846153846154, "test_acc": 0.8162436548223351, "forward_nfe": 7938, "_runtime": 68, "_timestamp": 1647351911, "_step": 46}