{"run_time": 2.677863836288452, "loss": 0.29691818356513977, "train_acc": 0.9357142857142857, "val_acc": 0.8463235294117647, "test_acc": 0.8324873096446701, "forward_nfe": 37276, "_runtime": 270, "_timestamp": 1644982194, "_step": 98}