{"loss_mean": 0.3319242849946022, "train_accs_mean": 0.9325000000000001, "val_accs_mean": 0.7587132352941176, "test_accs_mean": 0.7721319796954315, "fw_nfe_mean": 36398.2, "loss_std": 0.09027064786240141, "train_accs_std": 0.018554250296943627, "val_accs_std": 0.028338196182701426, "test_accs_std": 0.030488097340865713, "fw_nfe_std": 1132.3815434737535, "_timestamp": 1649343140, "_runtime": 753, "_step": 98, "_wandb": {"runtime": 753}}