{"run_time": 0.379849910736084, "loss": 0.09453286975622177, "train_acc": 1.0, "val_acc": 0.6279411764705882, "test_acc": 0.6040609137055838, "_runtime": 42, "_timestamp": 1644376581, "_step": 98}