{"run_time": 3.6794822216033936, "loss": 0.6990699172019958, "train_acc": 0.9071428571428571, "val_acc": 0.8301470588235295, "test_acc": 0.8142131979695432, "forward_nfe": 1968, "_runtime": 49, "_timestamp": 1649748054, "_step": 10}