{"run_time": 1.7251639366149902, "loss": 0.14781953394412994, "train_acc": 0.9857142857142858, "val_acc": 0.8573529411764705, "test_acc": 0.8375634517766497, "forward_nfe": 21922, "_runtime": 172, "_timestamp": 1644938104, "_step": 98}