{"run_time": 3.426723003387451, "loss": 0.18492643535137177, "train_acc": 0.9142857142857143, "val_acc": 0.85, "test_acc": 0.8598984771573605, "_runtime": 328, "_timestamp": 1644643374, "_step": 98}