{"run_time": 16.765732526779175, "loss": 1.2877401113510132, "train_acc": 0.6928571428571428, "val_acc": 0.7507352941176471, "test_acc": 0.7431472081218274, "_runtime": 1819, "_timestamp": 1644466753, "_step": 98}