{"run_time": 30.210172653198242, "loss": 0.9299964904785156, "train_acc": 0.7857142857142857, "val_acc": 0.6588235294117647, "test_acc": 0.617258883248731, "_runtime": 2344, "_timestamp": 1644921910, "_step": 98}