{"run_time": 0.5181286334991455, "loss": 0.5224337577819824, "train_acc": 0.95, "val_acc": 0.38676470588235295, "test_acc": 0.35634517766497464, "_runtime": 43, "_timestamp": 1641979926, "_step": 75}