{"run_time": 7.2992048263549805, "loss": 0.5839763283729553, "train_acc": 0.85, "val_acc": 0.8632352941176471, "test_acc": 0.8477157360406091, "forward_nfe": 45316, "_runtime": 662, "_timestamp": 1650420811, "_step": 98}