{"run_time": 6.053461074829102, "loss": 0.6304318904876709, "train_acc": 0.8357142857142857, "val_acc": 0.8227941176470588, "test_acc": 0.8152284263959391, "forward_nfe": 85192, "_runtime": 604, "_timestamp": 1644991118, "_step": 98}