{"run_time": 1.3895492553710938, "loss": 0.1134914681315422, "train_acc": 0.9857142857142858, "val_acc": 0.8691176470588236, "test_acc": 0.8395939086294416, "forward_nfe": 16996, "_runtime": 139, "_timestamp": 1644985982, "_step": 98}