{"run_time": 0.3762819766998291, "loss": 0.06231711804866791, "train_acc": 1.0, "val_acc": 0.6286764705882353, "test_acc": 0.6182741116751269, "_runtime": 42, "_timestamp": 1643266265, "_step": 98}