{"run_time": 6.396562814712524, "loss": 0.7421377301216125, "train_acc": 0.8071428571428572, "val_acc": 0.8022058823529412, "test_acc": 0.7918781725888325, "forward_nfe": 89524, "_runtime": 651, "_timestamp": 1644947934, "_step": 98}