{"run_time": 0.5164504051208496, "loss": 0.09979628771543503, "train_acc": 1.0, "val_acc": 0.5514705882352942, "test_acc": 0.5461928934010152, "forward_nfe": 5800, "_runtime": 58, "_timestamp": 1644937542, "_step": 98}