{"run_time": 1.2781476974487305, "loss": 0.17071960866451263, "train_acc": 0.9428571428571428, "val_acc": 0.8316176470588236, "test_acc": 0.8253807106598985, "_runtime": 45, "_timestamp": 1643179389, "_step": 23}