{"run_time": 18.675357818603516, "loss": 1.5067209005355835, "train_acc": 0.8, "val_acc": 0.7176470588235294, "test_acc": 0.6974619289340102, "_runtime": 1907, "_timestamp": 1644917842, "_step": 98}