{"loss_mean": 0.22053093314170838, "train_accs_mean": 0.915, "val_accs_mean": 0.8941044776119403, "test_accs_mean": 0.9016535827626525, "fw_nfe_mean": 10733.2, "loss_std": 0.008625904987213351, "train_accs_std": 0.020577597041442904, "val_accs_std": 0.012332414135317962, "test_accs_std": 0.013926576661568704, "fw_nfe_std": 30.452586097078854, "_timestamp": 1649511412, "_runtime": 4998, "_step": 98, "_wandb": {"runtime": 4999}}