{"run_time": 0.5422635078430176, "loss": 0.07614142447710037, "train_acc": 1.0, "val_acc": 0.5698529411764706, "test_acc": 0.5614213197969543, "_runtime": 61, "_timestamp": 1643267140, "_step": 98}