{"run_time": 67.55781030654907, "loss": 1.9472534656524658, "train_acc": 0.3, "val_acc": 0.29044117647058826, "test_acc": 0.26903553299492383, "forward_nfe": 236, "_runtime": 72, "_timestamp": 1650447116, "_step": 0}