{"run_time": 0.792557954788208, "loss": 0.06801299005746841, "train_acc": 1.0, "val_acc": 0.5948529411764706, "test_acc": 0.566497461928934, "_runtime": 97, "_timestamp": 1643267329, "_step": 98}