{"run_time": 1.470426321029663, "loss": 0.13148804008960724, "train_acc": 0.9428571428571428, "val_acc": 0.8205882352941176, "test_acc": 0.8365482233502538, "forward_nfe": 17230, "_runtime": 141, "_timestamp": 1647353312, "_step": 98}