{"run_time": 0.8240005970001221, "loss": 0.050177447497844696, "train_acc": 0.9714285714285714, "val_acc": 0.8382352941176471, "test_acc": 0.8446700507614213, "forward_nfe": 10288, "_runtime": 90, "_timestamp": 1644939684, "_step": 98}