{"run_time": 2.289332389831543, "loss": 1.3699278831481934, "train_acc": 0.8642857142857143, "val_acc": 0.7698529411764706, "test_acc": 0.7705583756345178, "_runtime": 16, "_timestamp": 1641981399, "_step": 4}