{"run_time": 1.2439651489257812, "loss": 0.08674830943346024, "train_acc": 1.0, "val_acc": 0.7867647058823529, "test_acc": 0.750253807106599, "_runtime": 186, "_timestamp": 1644654537, "_step": 98}