{"run_time": 1.2134435176849365, "loss": 0.10897278040647507, "train_acc": 0.9928571428571429, "val_acc": 0.8286764705882353, "test_acc": 0.8375634517766497, "_runtime": 124, "_timestamp": 1644899840, "_step": 98}