{"run_time": 3.2709903717041016, "loss": 1.9491684436798096, "train_acc": 0.8714285714285714, "val_acc": 0.4007352941176471, "test_acc": 0.3898477157360406, "_runtime": 8, "_timestamp": 1644376042, "_step": 0}