{"run_time": 6.448248386383057, "loss": 0.5212510228157043, "train_acc": 0.9142857142857143, "val_acc": 0.8176470588235294, "test_acc": 0.8050761421319796, "forward_nfe": 88906, "_runtime": 646, "_timestamp": 1644941846, "_step": 98}