{"run_time": 1.2213835716247559, "loss": 0.059088386595249176, "train_acc": 0.9928571428571429, "val_acc": 0.8536764705882353, "test_acc": 0.8355329949238579, "_runtime": 123, "_timestamp": 1644892754, "_step": 98}