{"run_time": 17.1814284324646, "loss": 1.9460080862045288, "train_acc": 0.14285714285714285, "val_acc": 0.2772058823529412, "test_acc": 0.2893401015228426, "_runtime": 73, "_timestamp": 1644377952, "_step": 3}