{"run_time": 2.115058422088623, "loss": 0.17958778142929077, "train_acc": 0.9428571428571428, "val_acc": 0.8411764705882353, "test_acc": 0.8223350253807107, "forward_nfe": 29902, "_runtime": 214, "_timestamp": 1644945300, "_step": 98}