{"run_time": 1.3116657733917236, "loss": 0.12140575051307678, "train_acc": 0.9642857142857143, "val_acc": 0.8448529411764706, "test_acc": 0.8375634517766497, "forward_nfe": 16672, "_runtime": 135, "_timestamp": 1644942170, "_step": 98}