{"run_time": 4.329678297042847, "loss": 1.9468607902526855, "train_acc": 0.6642857142857143, "val_acc": 0.46397058823529413, "test_acc": 0.4883248730964467, "_runtime": 9, "_timestamp": 1644935299, "_step": 0}