{"run_time": 1.2328534126281738, "loss": 0.06145107373595238, "train_acc": 0.9714285714285714, "val_acc": 0.850735294117647, "test_acc": 0.8598984771573605, "_runtime": 127, "_timestamp": 1644900911, "_step": 98}