{"run_time": 15.903381586074829, "loss": 1.1780122518539429, "train_acc": 0.8571428571428571, "val_acc": 0.8154411764705882, "test_acc": 0.7949238578680203, "forward_nfe": 7590, "_runtime": 199, "_timestamp": 1650419775, "_step": 10}