{"run_time": 0.543198823928833, "loss": 0.1163589358329773, "train_acc": 0.9857142857142858, "val_acc": 0.5536764705882353, "test_acc": 0.5482233502538071, "forward_nfe": 5812, "_runtime": 58, "_timestamp": 1644981367, "_step": 98}