{"run_time": 4.427121877670288, "loss": 1.946899175643921, "train_acc": 0.5142857142857142, "val_acc": 0.21691176470588236, "test_acc": 0.2467005076142132, "forward_nfe": 104, "_runtime": 10, "_timestamp": 1644934220, "_step": 0}