{"loss_mean": 0.1451405066996813, "train_accs_mean": 0.9882142857142856, "val_accs_mean": 0.7886764705882353, "test_accs_mean": 0.8067005076142133, "fw_nfe_mean": 4494.0, "loss_std": 0.020854409790486448, "train_accs_std": 0.009388171020067799, "val_accs_std": 0.01704772712123232, "test_accs_std": 0.0213352614930817, "fw_nfe_std": 58.81836447913185, "_timestamp": 1649401266, "_runtime": 113, "_step": 34, "_wandb": {"runtime": 115}}