{"run_time": 1.2655913829803467, "loss": 0.08089641481637955, "train_acc": 0.9785714285714285, "val_acc": 0.8426470588235294, "test_acc": 0.8446700507614213, "_runtime": 127, "_timestamp": 1644895307, "_step": 98}