{"run_time": 0.9687356948852539, "loss": 0.15128634870052338, "train_acc": 1.0, "val_acc": 0.5330882352941176, "test_acc": 0.5258883248730964, "_runtime": 143, "_timestamp": 1644485751, "_step": 98}