{"loss_mean": 0.13895146660506724, "train_accs_mean": 0.9839285714285715, "val_accs_mean": 0.7898529411764705, "test_accs_mean": 0.8077157360406091, "fw_nfe_mean": 4826.7, "loss_std": 0.018497877126725223, "train_accs_std": 0.008711650655464635, "val_accs_std": 0.01492954908850765, "test_accs_std": 0.01797097702845515, "fw_nfe_std": 87.02017007567842, "_timestamp": 1649401054, "_runtime": 127, "_step": 37, "_wandb": {"runtime": 129}}