{"run_time": 14.937092304229736, "loss": 1.948396921157837, "train_acc": 0.2571428571428571, "val_acc": 0.19411764705882353, "test_acc": 0.15837563451776648, "forward_nfe": 110, "_runtime": 20, "_timestamp": 1650440279, "_step": 0}