{"run_time": 0.46730637550354004, "loss": 0.07191042602062225, "train_acc": 1.0, "val_acc": 0.6272058823529412, "test_acc": 0.5746192893401015, "_runtime": 50, "_timestamp": 1644376641, "_step": 98}