{"run_time": 1.469099760055542, "loss": 0.05809728056192398, "train_acc": 1.0, "val_acc": 0.5955882352941176, "test_acc": 0.5918781725888325, "_runtime": 131, "_timestamp": 1644485537, "_step": 98}