{"run_time": 1.190654993057251, "loss": 0.09765021502971649, "train_acc": 0.9428571428571428, "val_acc": 0.8470588235294118, "test_acc": 0.8446700507614213, "_runtime": 122, "_timestamp": 1644903721, "_step": 98}