{"run_time": 4.5394957065582275, "loss": 0.5047762393951416, "train_acc": 0.8714285714285714, "val_acc": 0.8485294117647059, "test_acc": 0.848730964467005, "_runtime": 457, "_timestamp": 1644914428, "_step": 98}