{"run_time": 11.016796112060547, "loss": 1.0177714824676514, "train_acc": 0.7285714285714285, "val_acc": 0.7617647058823529, "test_acc": 0.7939086294416243, "_runtime": 1148, "_timestamp": 1644923935, "_step": 98}