{"loss_mean": 1.4888726353645325, "train_accs_mean": 0.9306666666666669, "val_accs_mean": 0.8768723404255319, "test_accs_mean": 0.8792244806120152, "fw_nfe_mean": 33159.8, "loss_std": 0.030155010136586415, "train_accs_std": 0.010934146311237812, "val_accs_std": 0.010164357791192659, "test_accs_std": 0.008820810424002866, "fw_nfe_std": 200.94267839361552, "_timestamp": 1649519049, "_runtime": 6478, "_step": 348, "_wandb": {"runtime": 6479}}