{"run_time": 2.1935043334960938, "loss": 0.22217361629009247, "train_acc": 0.9142857142857143, "val_acc": 0.8602941176470589, "test_acc": 0.8517766497461929, "forward_nfe": 28870, "_runtime": 221, "_timestamp": 1648476257, "_step": 98}