{"run_time": 1.0063612461090088, "loss": 0.0683419480919838, "train_acc": 0.9642857142857143, "val_acc": 0.8397058823529412, "test_acc": 0.8243654822335026, "_runtime": 132, "_timestamp": 1641979711, "_step": 98}