{"run_time": 20.131674766540527, "loss": 1.4880259037017822, "train_acc": 0.7642857142857142, "val_acc": 0.6404411764705882, "test_acc": 0.665989847715736, "forward_nfe": 5294, "_runtime": 58, "_timestamp": 1644935532, "_step": 3}