{"run_time": 1.2180047035217285, "loss": 0.14892016351222992, "train_acc": 0.95, "val_acc": 0.8573529411764705, "test_acc": 0.849746192893401, "forward_nfe": 15028, "_runtime": 125, "_timestamp": 1644988902, "_step": 98}