{"run_time": 19.271949768066406, "loss": 1.9457426071166992, "train_acc": 0.14285714285714285, "val_acc": 0.15441176470588236, "test_acc": 0.15431472081218275, "_runtime": 78, "_timestamp": 1644378091, "_step": 3}