{"run_time": 9.370867729187012, "loss": 0.4209883213043213, "train_acc": 0.8785714285714286, "val_acc": 0.8110294117647059, "test_acc": 0.7979695431472081, "_runtime": 890, "_timestamp": 1644927975, "_step": 98}