{"run_time": 3.4146268367767334, "loss": 1.9494552612304688, "train_acc": 0.6785714285714286, "val_acc": 0.36470588235294116, "test_acc": 0.38883248730964465, "_runtime": 9, "_timestamp": 1644376009, "_step": 0}