{"run_time": 34.70054626464844, "loss": 1.9495487213134766, "train_acc": 0.22857142857142856, "val_acc": 0.2948529411764706, "test_acc": 0.27715736040609135, "forward_nfe": 236, "_runtime": 41, "_timestamp": 1650467108, "_step": 0}