{"run_time": 0.477388858795166, "loss": 0.07979269325733185, "train_acc": 1.0, "val_acc": 0.5522058823529412, "test_acc": 0.5482233502538071, "_runtime": 52, "_timestamp": 1643265755, "_step": 98}