{"run_time": 1.3749885559082031, "loss": 0.8423630595207214, "train_acc": 0.9571428571428572, "val_acc": 0.8176470588235294, "test_acc": 0.8304568527918782, "_runtime": 11, "_timestamp": 1644890631, "_step": 4}