{"run_time": 7.140880346298218, "loss": 0.7114934921264648, "train_acc": 0.8571428571428571, "val_acc": 0.7794117647058824, "test_acc": 0.7725888324873097, "forward_nfe": 93952, "_runtime": 707, "_timestamp": 1644992500, "_step": 98}