{"run_time": 0.33098530769348145, "loss": 0.08351767063140869, "train_acc": 0.9857142857142858, "val_acc": 0.5647058823529412, "test_acc": 0.5695431472081218, "_runtime": 23, "_timestamp": 1644308690, "_step": 55}