{"loss_mean": 0.053260361403226854, "train_accs_mean": 1.0, "val_accs_mean": 0.8602985074626865, "test_accs_mean": 0.8722231501586771, "fw_nfe_mean": 15904.0, "loss_std": 0.00500296396799135, "train_accs_std": 0.0, "val_accs_std": 0.01190199078802366, "test_accs_std": 0.01220429137400705, "fw_nfe_std": 0.0, "_timestamp": 1650556552, "_runtime": 17028, "_step": 248, "_wandb": {"runtime": 17029}}