{"run_time": 1.1869025230407715, "loss": 0.15522852540016174, "train_acc": 0.9571428571428572, "val_acc": 0.8419117647058824, "test_acc": 0.8131979695431472, "_runtime": 124, "_timestamp": 1644900774, "_step": 98}