{"run_time": 17.258745670318604, "loss": 1.918148159980774, "train_acc": 0.7928571428571428, "val_acc": 0.6992647058823529, "test_acc": 0.6873096446700507, "_runtime": 589, "_timestamp": 1644893527, "_step": 19}