{"run_time": 9.227259397506714, "loss": 2.0719406604766846, "train_acc": 0.22857142857142856, "val_acc": 0.3058823529411765, "test_acc": 0.2913705583756345, "forward_nfe": 1066, "_runtime": 32, "_timestamp": 1650421024, "_step": 2}