{"run_time": 0.30626678466796875, "loss": 0.9185700416564941, "train_acc": 0.9642857142857143, "val_acc": 0.5411764705882353, "test_acc": 0.5715736040609137, "forward_nfe": 206, "_runtime": 7, "_timestamp": 1648374561, "_step": 6}