{"run_time": 0.6754193305969238, "loss": 0.05973546952009201, "train_acc": 1.0, "val_acc": 0.5588235294117647, "test_acc": 0.5289340101522843, "_runtime": 55, "_timestamp": 1643373686, "_step": 70}