epoch,mean_fw_nfe,std_fw_nfe,mean_loss,std_loss,mean_train_acc,std_train_acc,mean_val_acc,std_val_acc,mean_test_acc,std_test_acc
1,241.4,1.8000000000000003,1.9480152189731599,0.001788181812844985,0.1032142857142857,0.05217098067402792,0.08775735294117645,0.04963658750998781,0.08883248730964469,0.04617280759271179
2,748.5,4.9749371855331,2.207146334648132,0.19460896521134638,0.13857142857142854,0.09217884125714644,0.139375,0.10115185314185371,0.1404568527918782,0.09771555145344818
3,1259.5,10.370631610466162,1.9615600466728211,0.039271595073379705,0.23000000000000004,0.10988398334570135,0.17433823529411765,0.1189775183395679,0.17289340101522838,0.11308437085235383
4,1768.7,23.351873586502645,1.986724281311035,0.0634049668218941,0.20142857142857143,0.1020104036310983,0.14636029411764703,0.11644525752286983,0.14746192893401014,0.11690119484231912
