{"run_time": 8.101873636245728, "loss": 1.948372483253479, "train_acc": 0.15714285714285714, "val_acc": 0.13496503496503495, "test_acc": 0.1350253807106599, "forward_nfe": 446, "_runtime": 13, "_timestamp": 1647082424, "_step": 0}