{"run_time": 1.2567222118377686, "loss": 0.07979995757341385, "train_acc": 0.9214285714285714, "val_acc": 0.8433823529411765, "test_acc": 0.817258883248731, "_runtime": 127, "_timestamp": 1644892890, "_step": 98}