{"run_time": 9.484691858291626, "loss": 0.5467093586921692, "train_acc": 0.8785714285714286, "val_acc": 0.8169117647058823, "test_acc": 0.7796954314720812, "_runtime": 1047, "_timestamp": 1644921741, "_step": 98}