{"run_time": 17.497125148773193, "loss": 1.025192379951477, "train_acc": 0.8142857142857143, "val_acc": 0.7963235294117647, "test_acc": 0.7695431472081218, "_runtime": 2069, "_timestamp": 1644640184, "_step": 98}