{"run_time": 5.45562744140625, "loss": 1.5895739793777466, "train_acc": 0.6285714285714286, "val_acc": 0.6507352941176471, "test_acc": 0.6406091370558376, "forward_nfe": 7060, "_runtime": 55, "_timestamp": 1645936618, "_step": 8}