{"run_time": 2.863391876220703, "loss": 0.11642510443925858, "train_acc": 0.9642857142857143, "val_acc": 0.8330882352941177, "test_acc": 0.8284263959390863, "_runtime": 326, "_timestamp": 1644476320, "_step": 98}