{"run_time": 0.5027027130126953, "loss": 0.12507517635822296, "train_acc": 0.9857142857142858, "val_acc": 0.5735294117647058, "test_acc": 0.5604060913705584, "_runtime": 57, "_timestamp": 1644375599, "_step": 98}