{"run_time": 4.449406385421753, "loss": 0.6311137676239014, "train_acc": 0.8071428571428572, "val_acc": 0.8433823529411765, "test_acc": 0.8406091370558376, "forward_nfe": 64108, "_runtime": 438, "_timestamp": 1644989933, "_step": 98}