{"run_time": 1.2569446563720703, "loss": 0.14395339787006378, "train_acc": 0.9571428571428572, "val_acc": 0.8389705882352941, "test_acc": 0.8385786802030457, "_runtime": 128, "_timestamp": 1644897361, "_step": 98}