{"run_time": 1.129319429397583, "loss": 0.1665087789297104, "train_acc": 0.95, "val_acc": 0.8419117647058824, "test_acc": 0.8304568527918782, "forward_nfe": 15566, "_runtime": 122, "_timestamp": 1648475292, "_step": 96}