{"loss_mean": 0.0970641739666462, "train_accs_mean": 0.9917857142857145, "val_accs_mean": 0.7879044117647058, "test_accs_mean": 0.8056345177664974, "fw_nfe_mean": 9183.6, "loss_std": 0.018481169988961037, "train_accs_std": 0.006497644785235804, "val_accs_std": 0.016217319746958385, "test_accs_std": 0.020178479056463382, "fw_nfe_std": 128.34110798960714, "_timestamp": 1649383693, "_runtime": 241, "_step": 76}