{"run_time": 3.358062267303467, "loss": 1.8877962827682495, "train_acc": 0.9714285714285714, "val_acc": 0.42720588235294116, "test_acc": 0.4233502538071066, "_runtime": 9, "_timestamp": 1644376888, "_step": 1}