{"run_time": 4.310882568359375, "loss": 0.564039409160614, "train_acc": 0.8714285714285714, "val_acc": 0.7706293706293706, "test_acc": 0.7614213197969543, "forward_nfe": 36872, "_runtime": 255, "_timestamp": 1647081466, "_step": 48}