{"run_time": 3.615865707397461, "loss": 0.13215357065200806, "train_acc": 0.9357142857142857, "val_acc": 0.8551470588235294, "test_acc": 0.8314720812182741, "_runtime": 367, "_timestamp": 1644643829, "_step": 98}