{"run_time": 1.3161051273345947, "loss": 0.15733225643634796, "train_acc": 0.9285714285714286, "val_acc": 0.8433823529411765, "test_acc": 0.8467005076142132, "forward_nfe": 16594, "_runtime": 136, "_timestamp": 1648475440, "_step": 98}