{"run_time": 2.909101724624634, "loss": 0.23519104719161987, "train_acc": 0.9571428571428572, "val_acc": 0.8330882352941177, "test_acc": 0.817258883248731, "_runtime": 303, "_timestamp": 1644918489, "_step": 98}