{"run_time": 9.513920545578003, "loss": 1.8249797821044922, "train_acc": 0.5, "val_acc": 0.4213235294117647, "test_acc": 0.38274111675126904, "forward_nfe": 1084, "_runtime": 32, "_timestamp": 1650442540, "_step": 2}