{"run_time": 6.1012794971466064, "loss": 0.6927968263626099, "train_acc": 0.8214285714285714, "val_acc": 0.8088235294117647, "test_acc": 0.8253807106598985, "forward_nfe": 86260, "_runtime": 623, "_timestamp": 1644988061, "_step": 98}