{"run_time": 0.30466246604919434, "loss": 1.9459158182144165, "train_acc": 0.14285714285714285, "val_acc": 0.30367647058823527, "test_acc": 0.2954314720812183, "forward_nfe": 2292, "_runtime": 25, "_timestamp": 1648369640, "_step": 67}