{"run_time": 21.301817655563354, "loss": 1.1305930614471436, "train_acc": 0.7142857142857143, "val_acc": 0.7463235294117647, "test_acc": 0.7370558375634517, "_runtime": 2321, "_timestamp": 1644464374, "_step": 98}