{"run_time": 12.065148830413818, "loss": 1.7618876695632935, "train_acc": 0.37857142857142856, "val_acc": 0.3301470588235294, "test_acc": 0.2913705583756345, "_runtime": 1298, "_timestamp": 1643987896, "_step": 98}