{"run_time": 1.2381889820098877, "loss": 0.09574591368436813, "train_acc": 0.9857142857142858, "val_acc": 0.8441176470588235, "test_acc": 0.8314720812182741, "_runtime": 125, "_timestamp": 1644896934, "_step": 98}