{"run_time": 5.304621458053589, "loss": 0.6273799538612366, "train_acc": 0.8357142857142857, "val_acc": 0.8345588235294118, "test_acc": 0.8111675126903554, "forward_nfe": 77806, "_runtime": 530, "_timestamp": 1644987428, "_step": 98}