{"run_time": 3.3205149173736572, "loss": 0.1766255795955658, "train_acc": 0.9142857142857143, "val_acc": 0.8375, "test_acc": 0.8345177664974619, "_runtime": 387, "_timestamp": 1644633338, "_step": 98}