{"run_time": 8.138059139251709, "loss": 0.4382399618625641, "train_acc": 0.8928571428571429, "val_acc": 0.8419117647058824, "test_acc": 0.833502538071066, "_runtime": 764, "_timestamp": 1644919792, "_step": 98}