{"run_time": 1.2001254558563232, "loss": 0.18301494419574738, "train_acc": 0.9642857142857143, "val_acc": 0.8448529411764706, "test_acc": 0.8456852791878172, "_runtime": 44, "_timestamp": 1644892515, "_step": 31}