{"run_time": 21.082051515579224, "loss": 2.454298973083496, "train_acc": 0.18571428571428572, "val_acc": 0.17058823529411765, "test_acc": 0.16243654822335024, "forward_nfe": 1512, "_runtime": 47, "_timestamp": 1650444926, "_step": 1}