{"run_time": 1.1248650550842285, "loss": 0.07904835790395737, "train_acc": 0.9857142857142858, "val_acc": 0.8345588235294118, "test_acc": 0.8416243654822335, "forward_nfe": 13930, "_runtime": 120, "_timestamp": 1644983615, "_step": 98}