{"run_time": 1.20308518409729, "loss": 0.14376617968082428, "train_acc": 0.9642857142857143, "val_acc": 0.8338235294117647, "test_acc": 0.8375634517766497, "_runtime": 123, "_timestamp": 1644893693, "_step": 98}