{"run_time": 3.5537962913513184, "loss": 0.10774287581443787, "train_acc": 0.9785714285714285, "val_acc": 0.6088235294117647, "test_acc": 0.5949238578680203, "_runtime": 112, "_timestamp": 1643179693, "_step": 34}