{"run_time": 3.3302032947540283, "loss": 0.26037296652793884, "train_acc": 0.8785714285714286, "val_acc": 0.8698529411764706, "test_acc": 0.8426395939086294, "_runtime": 341, "_timestamp": 1644925755, "_step": 98}