{"run_time": 1.235759973526001, "loss": 0.12262145429849625, "train_acc": 0.9571428571428572, "val_acc": 0.8323529411764706, "test_acc": 0.8375634517766497, "_runtime": 126, "_timestamp": 1644895982, "_step": 98}