{"run_time": 1.183990716934204, "loss": 0.09341215342283249, "train_acc": 0.9857142857142858, "val_acc": 0.8551470588235294, "test_acc": 0.8548223350253807, "_runtime": 121, "_timestamp": 1644902647, "_step": 98}