{"run_time": 3.190403699874878, "loss": 0.37119534611701965, "train_acc": 1.0, "val_acc": 0.6095588235294118, "test_acc": 0.6446700507614214, "_runtime": 16, "_timestamp": 1642177188, "_step": 5}