{"run_time": 1.191025733947754, "loss": 0.05736052617430687, "train_acc": 0.9714285714285714, "val_acc": 0.8330882352941177, "test_acc": 0.8284263959390863, "_runtime": 123, "_timestamp": 1644901044, "_step": 98}