{"run_time": 6.164754867553711, "loss": 0.42006364464759827, "train_acc": 0.9071428571428571, "val_acc": 0.8411764705882353, "test_acc": 0.8365482233502538, "forward_nfe": 84874, "_runtime": 602, "_timestamp": 1644983245, "_step": 98}