{"run_time": 1.449864149093628, "loss": 0.07585906237363815, "train_acc": 0.9857142857142858, "val_acc": 0.5683823529411764, "test_acc": 0.5563451776649746, "_runtime": 208, "_timestamp": 1644473345, "_step": 98}