{"run_time": 1.8945186138153076, "loss": 0.2538278102874756, "train_acc": 0.9285714285714286, "val_acc": 0.8536764705882353, "test_acc": 0.8578680203045685, "forward_nfe": 25288, "_runtime": 189, "_timestamp": 1644942368, "_step": 98}