{"run_time": 1.2250778675079346, "loss": 0.18764813244342804, "train_acc": 0.9285714285714286, "val_acc": 0.8286764705882353, "test_acc": 0.8131979695431472, "_runtime": 126, "_timestamp": 1644908898, "_step": 98}