{"run_time": 11.563162803649902, "loss": 1.2610712051391602, "train_acc": 0.75, "val_acc": 0.7948529411764705, "test_acc": 0.7766497461928934, "_runtime": 1122, "_timestamp": 1644931237, "_step": 98}