{"run_time": 1.349987268447876, "loss": 0.16858389973640442, "train_acc": 0.9928571428571429, "val_acc": 0.7463235294117647, "test_acc": 0.7340101522842639, "_runtime": 207, "_timestamp": 1644473928, "_step": 98}