{"run_time": 15.708974123001099, "loss": 1.947817325592041, "train_acc": 0.2857142857142857, "val_acc": 0.325, "test_acc": 0.30253807106598984, "forward_nfe": 236, "_runtime": 20, "_timestamp": 1650445365, "_step": 0}