{"run_time": 2.981919765472412, "loss": 0.18285439908504486, "train_acc": 0.9785714285714285, "val_acc": 0.8455882352941176, "test_acc": 0.86497461928934, "forward_nfe": 17182, "_runtime": 277, "_timestamp": 1649817031, "_step": 98}