{"run_time": 1.2043943405151367, "loss": 0.0987129807472229, "train_acc": 0.9357142857142857, "val_acc": 0.8448529411764706, "test_acc": 0.8253807106598985, "_runtime": 121, "_timestamp": 1644901446, "_step": 98}