{"run_time": 9.17939829826355, "loss": 2.065741777420044, "train_acc": 0.25, "val_acc": 0.3602941176470588, "test_acc": 0.36548223350253806, "forward_nfe": 504, "_runtime": 20, "_timestamp": 1650441530, "_step": 1}