{"run_time": 0.4041709899902344, "loss": 0.09412944316864014, "train_acc": 0.9928571428571429, "val_acc": 0.5544117647058824, "test_acc": 0.5512690355329949, "_runtime": 46, "_timestamp": 1644376696, "_step": 98}