{"run_time": 6.97743821144104, "loss": 0.8751619458198547, "train_acc": 0.7428571428571429, "val_acc": 0.7720588235294118, "test_acc": 0.7766497461928934, "_runtime": 696, "_timestamp": 1644912505, "_step": 98}