{"run_time": 6.413509368896484, "loss": 1.0655869245529175, "train_acc": 0.8785714285714286, "val_acc": 0.8132352941176471, "test_acc": 0.8395939086294416, "forward_nfe": 1412, "_runtime": 48, "_timestamp": 1650467847, "_step": 6}