{"run_time": 3.398231029510498, "loss": 0.17123983800411224, "train_acc": 1.0, "val_acc": 0.5926470588235294, "test_acc": 0.6243654822335025, "_runtime": 88, "_timestamp": 1644308803, "_step": 30}