{"loss_mean": 1.986724281311035, "train_accs_mean": 0.20142857142857143, "val_accs_mean": 0.14636029411764703, "test_accs_mean": 0.14746192893401014, "fw_nfe_mean": 1768.7, "loss_std": 0.0634049668218941, "train_accs_std": 0.1020104036310983, "val_accs_std": 0.11644525752286983, "test_accs_std": 0.11690119484231912, "fw_nfe_std": 23.351873586502645, "_timestamp": 1649342284, "_runtime": 52, "_step": 3}