{"run_time": 3.0353596210479736, "loss": 0.27905574440956116, "train_acc": 0.95, "val_acc": 0.8316176470588236, "test_acc": 0.8243654822335026, "_runtime": 442, "_timestamp": 1645253458, "_step": 98}