{"loss_mean": 0.7091423481702804, "train_accs_mean": 0.8257142857142858, "val_accs_mean": 0.7220220588235294, "test_accs_mean": 0.7307614213197969, "fw_nfe_mean": 13882.3, "loss_std": 0.10939011623298313, "train_accs_std": 0.04422807308689349, "val_accs_std": 0.024672897930746552, "test_accs_std": 0.028458285231182913, "fw_nfe_std": 316.18050224515747, "_timestamp": 1649341715, "_runtime": 288, "_step": 29}