{"run_time": 7.013158559799194, "loss": 0.9186903834342957, "train_acc": 0.8071428571428572, "val_acc": 0.7948529411764705, "test_acc": 0.7817258883248731, "_runtime": 709, "_timestamp": 1644916994, "_step": 98}