{"loss_mean": 0.6036721408367157, "train_accs_mean": 0.8354999999999999, "val_accs_mean": 0.783923076923077, "test_accs_mean": 0.7846898409224813, "fw_nfe_mean": 19645.0, "loss_std": 0.009291854081371629, "train_accs_std": 0.011715374513859992, "val_accs_std": 0.008415609615892387, "test_accs_std": 0.0064749703917105425, "fw_nfe_std": 72.90678980726007, "_timestamp": 1649889367, "_runtime": 11494, "_step": 98, "_wandb": {"runtime": 11494}}