{"run_time": 5.253343343734741, "loss": 0.5865478515625, "train_acc": 0.85, "val_acc": 0.8433823529411765, "test_acc": 0.8131979695431472, "forward_nfe": 77710, "_runtime": 530, "_timestamp": 1644943615, "_step": 98}