{"run_time": 0.3907313346862793, "loss": 0.09707757830619812, "train_acc": 0.9785714285714285, "val_acc": 0.5485294117647059, "test_acc": 0.5187817258883248, "_runtime": 38, "_timestamp": 1644308630, "_step": 98}