{"run_time": 2.898266553878784, "loss": 0.34491175413131714, "train_acc": 0.9571428571428572, "val_acc": 0.8433566433566434, "test_acc": 0.8253807106598985, "forward_nfe": 62386, "_runtime": 421, "_timestamp": 1645940251, "_step": 98}