{"run_time": 1.1996393203735352, "loss": 0.1274571716785431, "train_acc": 0.9785714285714285, "val_acc": 0.8558823529411764, "test_acc": 0.8314720812182741, "_runtime": 125, "_timestamp": 1644893024, "_step": 98}