{"run_time": 0.3897390365600586, "loss": 0.08743072301149368, "train_acc": 1.0, "val_acc": 0.7573529411764706, "test_acc": 0.7776649746192893, "forward_nfe": 4510, "_runtime": 44, "_timestamp": 1647836169, "_step": 98}