{"run_time": 1.2589764595031738, "loss": 0.0493134930729866, "train_acc": 0.9785714285714285, "val_acc": 0.8492647058823529, "test_acc": 0.8375634517766497, "_runtime": 125, "_timestamp": 1644902915, "_step": 98}