{"run_time": 10.1399085521698, "loss": 2.074235200881958, "train_acc": 0.7571428571428571, "val_acc": 0.5044117647058823, "test_acc": 0.5197969543147208, "forward_nfe": 1228, "_runtime": 37, "_timestamp": 1650444070, "_step": 2}