{"run_time": 1.2436625957489014, "loss": 0.058160312473773956, "train_acc": 1.0, "val_acc": 0.8411764705882353, "test_acc": 0.8436548223350254, "_runtime": 127, "_timestamp": 1644896393, "_step": 98}