{"run_time": 6.048893451690674, "loss": 0.37391379475593567, "train_acc": 0.8642857142857143, "val_acc": 0.8360294117647059, "test_acc": 0.8517766497461929, "forward_nfe": 44264, "_runtime": 749, "_timestamp": 1650441083, "_step": 96}