{"run_time": 2.95650577545166, "loss": 0.18308407068252563, "train_acc": 0.9714285714285714, "val_acc": 0.850735294117647, "test_acc": 0.8568527918781725, "_runtime": 360, "_timestamp": 1644632923, "_step": 98}