{"run_time": 3.2951879501342773, "loss": 0.27223891019821167, "train_acc": 0.9357142857142857, "val_acc": 0.8397058823529412, "test_acc": 0.8203045685279188, "_runtime": 344, "_timestamp": 1644909473, "_step": 98}