{"run_time": 13.306626558303833, "loss": 1.7918550968170166, "train_acc": 0.6, "val_acc": 0.5272058823529412, "test_acc": 0.5350253807106599, "forward_nfe": 534, "_runtime": 33, "_timestamp": 1649839075, "_step": 1}