{"run_time": 1.2353413105010986, "loss": 0.09415846318006516, "train_acc": 0.9642857142857143, "val_acc": 0.8558823529411764, "test_acc": 0.8548223350253807, "_runtime": 125, "_timestamp": 1644902120, "_step": 98}