{"run_time": 11.767123699188232, "loss": 0.9421911239624023, "train_acc": 0.7285714285714285, "val_acc": 0.7757352941176471, "test_acc": 0.782741116751269, "_runtime": 1250, "_timestamp": 1644925196, "_step": 98}