{"run_time": 0.512192964553833, "loss": 0.16240940988063812, "train_acc": 1.0, "val_acc": 0.6, "test_acc": 0.5979695431472081, "_runtime": 21, "_timestamp": 1644376789, "_step": 30}