{"run_time": 0.5913186073303223, "loss": 0.06075688824057579, "train_acc": 1.0, "val_acc": 0.575735294117647, "test_acc": 0.5908629441624366, "_runtime": 68, "_timestamp": 1643268557, "_step": 98}