{"run_time": 1.2170264720916748, "loss": 0.06460406631231308, "train_acc": 0.9714285714285714, "val_acc": 0.8323529411764706, "test_acc": 0.849746192893401, "_runtime": 125, "_timestamp": 1644903989, "_step": 98}