{"run_time": 22.401432752609253, "loss": 1.3987919092178345, "train_acc": 0.6857142857142857, "val_acc": 0.7683823529411765, "test_acc": 0.7624365482233503, "_runtime": 1928, "_timestamp": 1644424193, "_step": 98}