{"run_time": 3.27695894241333, "loss": 0.05376772955060005, "train_acc": 1.0, "val_acc": 0.5808823529411765, "test_acc": 0.5441624365482234, "_runtime": 318, "_timestamp": 1643269058, "_step": 98}