{"run_time": 3.787311553955078, "loss": 0.5007283091545105, "train_acc": 0.8857142857142857, "val_acc": 0.6073529411764705, "test_acc": 0.617258883248731, "_runtime": 13, "_timestamp": 1642177041, "_step": 3}