{"run_time": 1.2019703388214111, "loss": 0.0962333008646965, "train_acc": 0.9571428571428572, "val_acc": 0.8448529411764706, "test_acc": 0.8365482233502538, "_runtime": 125, "_timestamp": 1644896798, "_step": 98}