{"run_time": 3.0344583988189697, "loss": 0.43763023614883423, "train_acc": 0.9214285714285714, "val_acc": 0.8375, "test_acc": 0.8253807106598985, "forward_nfe": 66832, "_runtime": 446, "_timestamp": 1645254900, "_step": 98}