{"run_time": 4.451491355895996, "loss": 0.362745463848114, "train_acc": 0.95, "val_acc": 0.8448529411764706, "test_acc": 0.8456852791878172, "_runtime": 452, "_timestamp": 1644634265, "_step": 98}