{"run_time": 3.3886492252349854, "loss": 1.6419873237609863, "train_acc": 0.9, "val_acc": 0.4522058823529412, "test_acc": 0.4700507614213198, "_runtime": 19, "_timestamp": 1643269209, "_step": 3}