{"run_time": 1.2085509300231934, "loss": 0.11720525473356247, "train_acc": 0.9642857142857143, "val_acc": 0.8529411764705882, "test_acc": 0.8517766497461929, "_runtime": 138, "_timestamp": 1644897223, "_step": 98}