{"run_time": 2.060122013092041, "loss": 0.07033029943704605, "train_acc": 0.9857142857142858, "val_acc": 0.8404411764705882, "test_acc": 0.8345177664974619, "_runtime": 220, "_timestamp": 1644474956, "_step": 98}