{"run_time": 1.4017398357391357, "loss": 0.12730446457862854, "train_acc": 1.0, "val_acc": 0.7830882352941176, "test_acc": 0.7776649746192893, "_runtime": 183, "_timestamp": 1644589065, "_step": 98}