{"loss_mean": 1.5070543885231018, "train_accs_mean": 0.5430555555555555, "val_accs_mean": 0.5364331723027375, "test_accs_mean": 0.5577956989247311, "fw_nfe_mean": 155560.66666666666, "loss_std": 0.06963104345372205, "train_accs_std": 0.05402402871882424, "val_accs_std": 0.10561683779048428, "test_accs_std": 0.09731665466553985, "fw_nfe_std": 3340.718419076286, "_timestamp": 1649346448, "_runtime": 3293, "_step": 98, "_wandb": {"runtime": 3294}}