{"run_time": 0.4010610580444336, "loss": 0.17320497334003448, "train_acc": 1.0, "val_acc": 0.7823529411764706, "test_acc": 0.7878172588832487, "forward_nfe": 462, "_runtime": 9, "_timestamp": 1648369705, "_step": 10}