{"run_time": 4.596677303314209, "loss": 1.5127878189086914, "train_acc": 0.8642857142857143, "val_acc": 0.7132352941176471, "test_acc": 0.7106598984771574, "forward_nfe": 228, "_runtime": 18, "_timestamp": 1649817148, "_step": 1}