{"run_time": 1.2403459548950195, "loss": 0.16290386021137238, "train_acc": 0.95, "val_acc": 0.8485294117647059, "test_acc": 0.8416243654822335, "_runtime": 123, "_timestamp": 1644895170, "_step": 98}