{"run_time": 0.5227475166320801, "loss": 0.12747544050216675, "train_acc": 0.9928571428571429, "val_acc": 0.5941176470588235, "test_acc": 0.6060913705583756, "forward_nfe": 5830, "_runtime": 58, "_timestamp": 1644937610, "_step": 98}