{"run_time": 5.519335985183716, "loss": 0.6135930418968201, "train_acc": 0.8214285714285714, "val_acc": 0.8198529411764706, "test_acc": 0.7786802030456853, "forward_nfe": 79342, "_runtime": 555, "_timestamp": 1644985002, "_step": 98}