{"run_time": 2.419773817062378, "loss": 0.12460927665233612, "train_acc": 0.9571428571428572, "val_acc": 0.8382352941176471, "test_acc": 0.8446700507614213, "forward_nfe": 16840, "_runtime": 279, "_timestamp": 1649816211, "_step": 98}