{"run_time": 6.7600555419921875, "loss": 0.7744696140289307, "train_acc": 0.8071428571428572, "val_acc": 0.8147058823529412, "test_acc": 0.8081218274111676, "_runtime": 659, "_timestamp": 1644916276, "_step": 98}