{"loss_mean": 1.4997974194978412, "train_accs_mean": 0.5508771929824562, "val_accs_mean": 0.5742944317315026, "test_accs_mean": 0.5891341256366723, "fw_nfe_mean": 159997.7894736842, "loss_std": 0.05630173658855799, "train_accs_std": 0.041349206138219914, "val_accs_std": 0.08946093784691461, "test_accs_std": 0.08668525384612702, "fw_nfe_std": 6845.010134773531, "_timestamp": 1649357226, "_runtime": 9207, "_step": 98, "_wandb": {"runtime": 9208}}