{"run_time": 10.73398733139038, "loss": 0.9053549766540527, "train_acc": 0.7785714285714286, "val_acc": 0.8264705882352941, "test_acc": 0.8050761421319796, "_runtime": 1454, "_timestamp": 1644805009, "_step": 98}