{"run_time": 29.03676199913025, "loss": 1.9327566623687744, "train_acc": 0.8642857142857143, "val_acc": 0.8036764705882353, "test_acc": 0.7888324873096447, "_runtime": 1945, "_timestamp": 1644895887, "_step": 85}