{"loss_mean": 1.1586253374814988, "train_accs_mean": 0.9071428571428571, "val_accs_mean": 0.7418750000000001, "test_accs_mean": 0.7554822335025382, "fw_nfe_mean": 624.3, "loss_std": 0.2052251315095269, "train_accs_std": 0.02691634811630967, "val_accs_std": 0.04026128103317784, "test_accs_std": 0.04593644999026098, "fw_nfe_std": 20.122375605280805, "_timestamp": 1649383752, "_runtime": 43, "_step": 4}