{"run_time": 2.16263484954834, "loss": 0.22379106283187866, "train_acc": 0.9285714285714286, "val_acc": 0.85, "test_acc": 0.867005076142132, "forward_nfe": 17462, "_runtime": 129, "_timestamp": 1647352193, "_step": 57}