{"run_time": 1.7511491775512695, "loss": 0.0769694522023201, "train_acc": 0.9642857142857143, "val_acc": 0.8169117647058823, "test_acc": 0.8345177664974619, "_runtime": 199, "_timestamp": 1644918174, "_step": 98}