{"run_time": 1.2082629203796387, "loss": 0.10655684769153595, "train_acc": 0.95, "val_acc": 0.8551470588235294, "test_acc": 0.8274111675126904, "_runtime": 129, "_timestamp": 1644896121, "_step": 98}