{"run_time": 0.4703555107116699, "loss": 0.10193893313407898, "train_acc": 0.9785714285714285, "val_acc": 0.5808823529411765, "test_acc": 0.581725888324873, "_runtime": 52, "_timestamp": 1643266939, "_step": 98}