{"run_time": 5.723339319229126, "loss": 0.4425789713859558, "train_acc": 0.8285714285714286, "val_acc": 0.825, "test_acc": 0.8081218274111676, "_runtime": 561, "_timestamp": 1644910512, "_step": 98}