{"run_time": 0.5476956367492676, "loss": 0.11141596734523773, "train_acc": 1.0, "val_acc": 0.7169117647058824, "test_acc": 0.7106598984771574, "forward_nfe": 6754, "_runtime": 64, "_timestamp": 1644983386, "_step": 98}