{"run_time": 0.4852757453918457, "loss": 0.06357751786708832, "train_acc": 1.0, "val_acc": 0.5705882352941176, "test_acc": 0.5431472081218274, "_runtime": 47, "_timestamp": 1643207917, "_step": 84}