{"run_time": 6.769196271896362, "loss": 0.8396944999694824, "train_acc": 0.7571428571428571, "val_acc": 0.775, "test_acc": 0.783756345177665, "_runtime": 661, "_timestamp": 1644911799, "_step": 98}