{"run_time": 6.992764711380005, "loss": 0.9484635591506958, "train_acc": 0.7857142857142857, "val_acc": 0.8073529411764706, "test_acc": 0.8060913705583757, "forward_nfe": 93052, "_runtime": 697, "_timestamp": 1644988768, "_step": 98}