{"run_time": 1.3181722164154053, "loss": 0.25233331322669983, "train_acc": 0.9428571428571428, "val_acc": 0.8742647058823529, "test_acc": 0.868020304568528, "forward_nfe": 4844, "_runtime": 43, "_timestamp": 1647835918, "_step": 27}