{"run_time": 2.7550547122955322, "loss": 0.22925910353660583, "train_acc": 0.9285714285714286, "val_acc": 0.8463235294117647, "test_acc": 0.8375634517766497, "_runtime": 378, "_timestamp": 1644475960, "_step": 98}