{"run_time": 0.4067051410675049, "loss": 0.14236968755722046, "train_acc": 1.0, "val_acc": 0.5933823529411765, "test_acc": 0.6091370558375635, "_runtime": 46, "_timestamp": 1643266335, "_step": 98}