{"run_time": 13.048246383666992, "loss": 1.8616822957992554, "train_acc": 0.4857142857142857, "val_acc": 0.45, "test_acc": 0.43147208121827413, "_runtime": 302, "_timestamp": 1644378512, "_step": 22}