{"run_time": 1.2349655628204346, "loss": 0.112632617354393, "train_acc": 0.9785714285714285, "val_acc": 0.8602941176470589, "test_acc": 0.86497461928934, "_runtime": 124, "_timestamp": 1644893960, "_step": 98}