{"loss_mean": 0.10887847971171141, "train_accs_mean": 0.9860714285714287, "val_accs_mean": 0.7837867647058824, "test_accs_mean": 0.799238578680203, "fw_nfe_mean": 13974.4, "loss_std": 0.03547303374386951, "train_accs_std": 0.009708769442191565, "val_accs_std": 0.024357526342649656, "test_accs_std": 0.027575882250031603, "fw_nfe_std": 819.1008729088257, "_timestamp": 1649357624, "_runtime": 380, "_step": 98, "_wandb": {"runtime": 381}}