{"run_time": 0.6555259227752686, "loss": 0.17024800181388855, "train_acc": 1.0, "val_acc": 0.5522058823529412, "test_acc": 0.5553299492385787, "_runtime": 72, "_timestamp": 1643267222, "_step": 98}