{"run_time": 11.834161281585693, "loss": 2.101431131362915, "train_acc": 0.6571428571428571, "val_acc": 0.3764705882352941, "test_acc": 0.40913705583756343, "forward_nfe": 672, "_runtime": 26, "_timestamp": 1650443071, "_step": 1}