{"run_time": 3.9686765670776367, "loss": 0.5054769515991211, "train_acc": 0.85, "val_acc": 0.8602941176470589, "test_acc": 0.8304568527918782, "forward_nfe": 57190, "_runtime": 400, "_timestamp": 1644943075, "_step": 98}