{"run_time": 0.9843649864196777, "loss": 0.1284560114145279, "train_acc": 0.9714285714285714, "val_acc": 0.8426470588235294, "test_acc": 0.8426395939086294, "_runtime": 118, "_timestamp": 1645099875, "_step": 98}