{"loss_mean": 1.2625303626060487, "train_accs_mean": 0.9996666666666666, "val_accs_mean": 0.9157021276595744, "test_accs_mean": 0.9146178654466361, "fw_nfe_mean": 25949.0, "loss_std": 0.01672524965802125, "train_accs_std": 0.0009999999999999898, "val_accs_std": 0.0041972635462400884, "test_accs_std": 0.0037109181528390007, "fw_nfe_std": 94.15412895885129, "_timestamp": 1650469563, "_runtime": 6326, "_step": 348, "_wandb": {"runtime": 6327}}