{"run_time": 3.805117607116699, "loss": 0.6023916602134705, "train_acc": 0.8428571428571429, "val_acc": 0.8397058823529412, "test_acc": 0.8395939086294416, "forward_nfe": 53650, "_runtime": 381, "_timestamp": 1644984438, "_step": 98}