{"run_time": 3.7932732105255127, "loss": 0.634315013885498, "train_acc": 0.9785714285714285, "val_acc": 0.6073529411764705, "test_acc": 0.6060913705583756, "_runtime": 16, "_timestamp": 1644376081, "_step": 2}