{"run_time": 3.1332738399505615, "loss": 1.952059030532837, "train_acc": 0.8928571428571429, "val_acc": 0.5227941176470589, "test_acc": 0.5360406091370559, "_runtime": 9, "_timestamp": 1642176108, "_step": 0}