{"run_time": 0.6528096199035645, "loss": 1.2162410020828247, "train_acc": 0.9785714285714285, "val_acc": 0.4441176470588235, "test_acc": 0.467005076142132, "_runtime": 7, "_timestamp": 1643179566, "_step": 2}