{"run_time": 7.70991063117981, "loss": 0.6405280232429504, "train_acc": 0.8928571428571429, "val_acc": 0.7786764705882353, "test_acc": 0.8040609137055837, "forward_nfe": 100414, "_runtime": 782, "_timestamp": 1644996779, "_step": 98}