{"run_time": 10.948821067810059, "loss": 1.908473014831543, "train_acc": 0.4785714285714286, "val_acc": 0.48823529411764705, "test_acc": 0.4751269035532995, "forward_nfe": 22940, "_runtime": 190, "_timestamp": 1644935817, "_step": 18}