{"run_time": 1.184558629989624, "loss": 0.09625326097011566, "train_acc": 0.9857142857142858, "val_acc": 0.8676470588235294, "test_acc": 0.8467005076142132, "forward_nfe": 14572, "_runtime": 121, "_timestamp": 1644939815, "_step": 98}