{"run_time": 1.2343060970306396, "loss": 0.10787652432918549, "train_acc": 0.9642857142857143, "val_acc": 0.8544117647058823, "test_acc": 0.8477157360406091, "_runtime": 126, "_timestamp": 1644895710, "_step": 98}