{"run_time": 2.6547532081604004, "loss": 0.14787127077579498, "train_acc": 0.9714285714285714, "val_acc": 0.8389705882352941, "test_acc": 0.8426395939086294, "_runtime": 339, "_timestamp": 1644475533, "_step": 98}