{"run_time": 4.260592460632324, "loss": 1.945953130722046, "train_acc": 0.7, "val_acc": 0.5926470588235294, "test_acc": 0.5918781725888325, "forward_nfe": 110, "_runtime": 9, "_timestamp": 1644934408, "_step": 0}