{"run_time": 13.740468740463257, "loss": 2.0085701942443848, "train_acc": 0.75, "val_acc": 0.5007352941176471, "test_acc": 0.5431472081218274, "forward_nfe": 3646, "_runtime": 40, "_timestamp": 1644933344, "_step": 2}