{"run_time": 3.473389148712158, "loss": 0.08101194351911545, "train_acc": 0.9857142857142858, "val_acc": 0.6397058823529411, "test_acc": 0.6477157360406092, "_runtime": 325, "_timestamp": 1644375933, "_step": 98}