{"run_time": 0.9329872131347656, "loss": 0.09516798704862595, "train_acc": 0.9785714285714285, "val_acc": 0.8382352941176471, "test_acc": 0.8324873096446701, "forward_nfe": 11284, "_runtime": 100, "_timestamp": 1644942026, "_step": 98}