{"run_time": 1.24971604347229, "loss": 0.10222703963518143, "train_acc": 0.9714285714285714, "val_acc": 0.8522058823529411, "test_acc": 0.8324873096446701, "_runtime": 125, "_timestamp": 1644900641, "_step": 98}