{"run_time": 7.2849955558776855, "loss": 0.801624059677124, "train_acc": 0.8, "val_acc": 0.7735294117647059, "test_acc": 0.7736040609137056, "_runtime": 1075, "_timestamp": 1644932324, "_step": 98}