{"run_time": 1.196683406829834, "loss": 0.1211211308836937, "train_acc": 0.9571428571428572, "val_acc": 0.8536764705882353, "test_acc": 0.8091370558375635, "_runtime": 121, "_timestamp": 1644900104, "_step": 98}