{"run_time": 3.2181262969970703, "loss": 0.3820566236972809, "train_acc": 0.8714285714285714, "val_acc": 0.8514705882352941, "test_acc": 0.8385786802030457, "_runtime": 323, "_timestamp": 1644913961, "_step": 98}