{"run_time": 2.681609869003296, "loss": 0.26599234342575073, "train_acc": 0.9, "val_acc": 0.8384615384615385, "test_acc": 0.8284263959390863, "forward_nfe": 61672, "_runtime": 416, "_timestamp": 1645941140, "_step": 98}