{"run_time": 1.25278902053833, "loss": 0.09602078795433044, "train_acc": 0.9857142857142858, "val_acc": 0.8308823529411765, "test_acc": 0.833502538071066, "_runtime": 126, "_timestamp": 1644894095, "_step": 98}