{"run_time": 1.2184054851531982, "loss": 0.11760199069976807, "train_acc": 0.9071428571428571, "val_acc": 0.8338235294117647, "test_acc": 0.8477157360406091, "_runtime": 125, "_timestamp": 1644901581, "_step": 98}