{"run_time": 0.2815883159637451, "loss": 0.3240262567996979, "train_acc": 0.9928571428571429, "val_acc": 0.5955882352941176, "test_acc": 0.5939086294416244, "forward_nfe": 682, "_runtime": 11, "_timestamp": 1648374598, "_step": 20}