{"run_time": 0.5231268405914307, "loss": 0.12020371109247208, "train_acc": 1.0, "val_acc": 0.5911764705882353, "test_acc": 0.6101522842639594, "_runtime": 53, "_timestamp": 1644376759, "_step": 98}