{"loss_mean": 1.463599306344986, "train_accs_mean": 0.6328571428571429, "val_accs_mean": 0.542610294117647, "test_accs_mean": 0.5486294416243654, "fw_nfe_mean": 7242.4, "loss_std": 0.2799585007692204, "train_accs_std": 0.19428571428571428, "val_accs_std": 0.18789454955876908, "test_accs_std": 0.19414777821978318, "fw_nfe_std": 128.46727209682626, "_timestamp": 1649342211, "_runtime": 163, "_step": 14, "_wandb": {"runtime": 170}}