{"run_time": 1.1889257431030273, "loss": 0.12878750264644623, "train_acc": 0.95, "val_acc": 0.8470588235294118, "test_acc": 0.8609137055837564, "_runtime": 125, "_timestamp": 1644902254, "_step": 98}