{"loss_mean": 1.4880452513694764, "train_accs_mean": 0.9916666666666668, "val_accs_mean": 0.9078936170212766, "test_accs_mean": 0.9130278256956423, "fw_nfe_mean": 6784.8, "loss_std": 0.02778539064790137, "train_accs_std": 0.00428174419288838, "val_accs_std": 0.005377930523300293, "test_accs_std": 0.006064883685423555, "fw_nfe_std": 61.17646606334824, "_timestamp": 1650446603, "_runtime": 1419, "_step": 94}