{"run_time": 23.449633598327637, "loss": 1.4926884174346924, "train_acc": 0.45714285714285713, "val_acc": 0.5632352941176471, "test_acc": 0.5482233502538071, "_runtime": 2622, "_timestamp": 1644427895, "_step": 98}