{"run_time": 5.676066637039185, "loss": 0.6450114250183105, "train_acc": 0.8142857142857143, "val_acc": 0.8242647058823529, "test_acc": 0.7969543147208121, "_runtime": 557, "_timestamp": 1644914994, "_step": 98}