{"run_time": 1.4587688446044922, "loss": 0.13149115443229675, "train_acc": 0.9714285714285714, "val_acc": 0.8698529411764706, "test_acc": 0.8314720812182741, "_runtime": 127, "_timestamp": 1644895846, "_step": 98}