{"run_time": 15.581689834594727, "loss": 1.2580420970916748, "train_acc": 0.7714285714285715, "val_acc": 0.7713235294117647, "test_acc": 0.766497461928934, "_runtime": 1608, "_timestamp": 1644646335, "_step": 98}