{"run_time": 0.2783474922180176, "loss": 0.10933368653059006, "train_acc": 1.0, "val_acc": 0.5426470588235294, "test_acc": 0.5472081218274112, "_runtime": 31, "_timestamp": 1643266774, "_step": 98}