{"run_time": 17.30860471725464, "loss": 1.9484513998031616, "train_acc": 0.24285714285714285, "val_acc": 0.35, "test_acc": 0.3380710659898477, "_runtime": 23, "_timestamp": 1644378160, "_step": 0}