{"run_time": 1.2301850318908691, "loss": 0.0786156877875328, "train_acc": 0.9571428571428572, "val_acc": 0.8492647058823529, "test_acc": 0.8284263959390863, "_runtime": 124, "_timestamp": 1644894635, "_step": 98}