{"run_time": 3.0857951641082764, "loss": 0.13235914707183838, "train_acc": 0.9142857142857143, "val_acc": 0.8514705882352941, "test_acc": 0.8406091370558376, "forward_nfe": 17662, "_runtime": 337, "_timestamp": 1649816625, "_step": 98}