{"run_time": 0.30109119415283203, "loss": 1.9458931684494019, "train_acc": 0.15, "val_acc": 0.3125, "test_acc": 0.29746192893401013, "forward_nfe": 1850, "_runtime": 21, "_timestamp": 1648369686, "_step": 54}