{"run_time": 1.230283498764038, "loss": 0.11387846618890762, "train_acc": 0.9571428571428572, "val_acc": 0.8360294117647059, "test_acc": 0.8355329949238579, "_runtime": 132, "_timestamp": 1644897075, "_step": 98}