{"run_time": 24.05290937423706, "loss": 1.2993135452270508, "train_acc": 0.8285714285714286, "val_acc": 0.7691176470588236, "test_acc": 0.7553299492385787, "_runtime": 1702, "_timestamp": 1644904435, "_step": 98}