{"run_time": 1.338620662689209, "loss": 0.22265785932540894, "train_acc": 0.9142857142857143, "val_acc": 0.8411764705882353, "test_acc": 0.8294416243654822, "_runtime": 17, "_timestamp": 1644768445, "_step": 7}