{"run_time": 6.732405185699463, "loss": 0.8168421983718872, "train_acc": 0.7357142857142858, "val_acc": 0.8036764705882353, "test_acc": 0.8101522842639594, "forward_nfe": 89656, "_runtime": 657, "_timestamp": 1644991784, "_step": 98}