{"run_time": 4.347585439682007, "loss": 0.06592430919408798, "train_acc": 1.0, "val_acc": 0.6426470588235295, "test_acc": 0.6527918781725889, "_runtime": 35, "_timestamp": 1644376140, "_step": 8}