{"run_time": 7.093739748001099, "loss": 0.3951381742954254, "train_acc": 0.9071428571428571, "val_acc": 0.8588235294117647, "test_acc": 0.849746192893401, "_runtime": 889, "_timestamp": 1644590487, "_step": 98}