{"run_time": 0.544940710067749, "loss": 0.05107338726520538, "train_acc": 1.0, "val_acc": 0.6654411764705882, "test_acc": 0.6791878172588832, "forward_nfe": 6412, "_runtime": 60, "_timestamp": 1644941916, "_step": 98}