{"run_time": 2.6758689880371094, "loss": 0.15182660520076752, "train_acc": 0.9428571428571428, "val_acc": 0.8558823529411764, "test_acc": 0.8446700507614213, "forward_nfe": 17308, "_runtime": 275, "_timestamp": 1649776239, "_step": 98}