{"run_time": 3.120725631713867, "loss": 0.07732674479484558, "train_acc": 0.95, "val_acc": 0.8492647058823529, "test_acc": 0.8243654822335026, "_runtime": 302, "_timestamp": 1644642870, "_step": 98}