{"run_time": 2.1089208126068115, "loss": 0.2575009763240814, "train_acc": 0.9357142857142857, "val_acc": 0.8338235294117647, "test_acc": 0.8304568527918782, "_runtime": 212, "_timestamp": 1644909119, "_step": 98}