{"run_time": 4.321790456771851, "loss": 0.5493430495262146, "train_acc": 0.8714285714285714, "val_acc": 0.8426470588235294, "test_acc": 0.8314720812182741, "forward_nfe": 61660, "_runtime": 431, "_timestamp": 1644938829, "_step": 98}