{"run_time": 1.2591304779052734, "loss": 0.10174993425607681, "train_acc": 0.9857142857142858, "val_acc": 0.8544117647058823, "test_acc": 0.8507614213197969, "_runtime": 126, "_timestamp": 1644894230, "_step": 98}