{"run_time": 4.754997253417969, "loss": 1.9474234580993652, "train_acc": 0.5428571428571428, "val_acc": 0.41544117647058826, "test_acc": 0.38071065989847713, "_runtime": 9, "_timestamp": 1644308539, "_step": 0}