{"run_time": 1.24916672706604, "loss": 0.0755007266998291, "train_acc": 0.9714285714285714, "val_acc": 0.8463235294117647, "test_acc": 0.8385786802030457, "_runtime": 125, "_timestamp": 1644901850, "_step": 98}