{"run_time": 1.255833625793457, "loss": 0.11192489415407181, "train_acc": 0.9428571428571428, "val_acc": 0.8573529411764705, "test_acc": 0.8060913705583757, "_runtime": 128, "_timestamp": 1644896530, "_step": 98}