{"run_time": 0.6917786598205566, "loss": 0.08904020488262177, "train_acc": 1.0, "val_acc": 0.5889705882352941, "test_acc": 0.5685279187817259, "_runtime": 75, "_timestamp": 1643180018, "_step": 98}