{"run_time": 1.2579941749572754, "loss": 0.12656673789024353, "train_acc": 0.9928571428571429, "val_acc": 0.8485294117647059, "test_acc": 0.8355329949238579, "_runtime": 127, "_timestamp": 1644901315, "_step": 98}