{"run_time": 1.9102582931518555, "loss": 0.09351575374603271, "train_acc": 0.9928571428571429, "val_acc": 0.8514705882352941, "test_acc": 0.8304568527918782, "_runtime": 196, "_timestamp": 1644925403, "_step": 98}