{"run_time": 1.224158525466919, "loss": 0.11313991993665695, "train_acc": 0.9785714285714285, "val_acc": 0.836764705882353, "test_acc": 0.8314720812182741, "_runtime": 126, "_timestamp": 1644903320, "_step": 98}