{"run_time": 2.069803237915039, "loss": 0.17529436945915222, "train_acc": 0.9214285714285714, "val_acc": 0.8580882352941176, "test_acc": 0.8426395939086294, "forward_nfe": 28846, "_runtime": 215, "_timestamp": 1648480450, "_step": 98}