{"run_time": 1.2299110889434814, "loss": 0.10199582576751709, "train_acc": 0.9857142857142858, "val_acc": 0.8448529411764706, "test_acc": 0.8111675126903554, "_runtime": 126, "_timestamp": 1644900506, "_step": 98}