{"run_time": 1.2198522090911865, "loss": 0.11365894228219986, "train_acc": 0.9071428571428571, "val_acc": 0.8470588235294118, "test_acc": 0.8345177664974619, "forward_nfe": 14914, "_runtime": 124, "_timestamp": 1644936056, "_step": 98}